,Unnamed: 0,fire_year,fire_number,fire_name,current_size,size_class,fire_location_latitude,fire_location_longitude,fire_start_date,wind_direction,wind_speed,Municipality
0,9788,2012,HWF053,,78.4,D,58.515333,-116.452483,41038.62153,N,40,Mackenzie County
1,9798,2012,HWF070,Wolverine Fire,1689,E,57.92135,-116.925533,41055.5625,S,25,Mackenzie County
2,9825,2012,HWF085,Jackpot Creek,748,E,59.766667,-117.088333,41059.75,SW,10,Mackenzie County
3,9826,2012,HWF086,,63.1,D,59.795333,-117.118667,41059.75,SW,10,Mackenzie County
4,9827,2012,HWF087,Lessard River,198.5,D,59.868667,-116.779667,41059.58333,S,15,Mackenzie County
5,9831,2012,HWF134,,26.2,C,58.0856,-115.943067,41098.66667,E,10,Mackenzie County
6,9835,2012,HWF167,,21.6,C,58.146061,-115.116178,41112.60417,NE,5,Mackenzie County
7,9843,2012,CWF006,,15.3,C,51.289267,-114.94315,41022.87847,N,15,Municipal District of Bighorn
8,9921,2012,MWF043,,12.8,C,57.788518,-112.753883,41100.5,W,5,Wood Buffalo
9,9926,2012,MWF055,,50,D,59.257967,-110.74175,41100.5,W,5,Wood Buffalo
10,9927,2012,MWF056,,8005,E,59.258667,-110.395333,41100.70833,N,20,Wood Buffalo
11,10019,2012,PWF054,,24.9,C,56.1277,-117.099167,41086.64583,SW,40,Northern Sunrise County
12,10039,2012,LWF059,Moose Lake Fire,757.7,E,54.342448,-110.958026,41042.71875,NW,10,Municipal District of Bonnyville
13,10069,2012,PWF032,,16.4,C,56.138433,-116.846067,41041.61806,W,25,Northern Sunrise County
14,10087,2012,HWF238,,11.8,C,58.4797,-115.168,41178.58333,SW,10,Mackenzie County
15,10163,2012,SWF056,,47.67,D,55.25655,-113.821917,41059.57639,W,5,Municipal District of Lesser Slave River
16,10166,2012,HWF107,Zama Complex,60702.9,E,59.3408,-119.653279,41081.64583,NW,17,Mackenzie County
17,10218,2012,HWF211,,12005.7,E,59.604683,-119.85805,41130.75,W,35,Mackenzie County
18,10231,2012,EWF012,,12.48,C,53.535445,-116.50988,41035.61806,NW,10,Yellowhead County
19,10234,2012,HWF137,,15,C,57.928917,-114.077583,41100.54167,SW,11,Mackenzie County
20,10235,2012,HWF138,Birch River Complex,27558,E,57.8936,-114.024467,41100.58333,W,11,Mackenzie County
21,10316,2013,WWF006,,14.1,C,54.355583,-115.161017,41400.625,W,5,Woodlands County
22,10368,2012,HWF120,Lutose Complex,3950,E,59.289867,-117.415633,41096.5625,NW,20,Mackenzie County
23,10395,2012,SWF013,,16.5,C,55.71013,-116.43352,41031.66667,SE,2,Big Lakes County
24,10398,2012,HWF102,,20.4,C,59.127687,-117.064153,41081.625,SW,10,Mackenzie County
25,10400,2012,HWF106,Zama Complex,134603,E,59.356333,-118.954594,41081.70833,NE,8,Mackenzie County
26,10402,2012,HWF131,,160,D,59.74245,-115.697933,41096.66667,SW,10,Mackenzie County
27,10433,2013,LWF002,,34,C,54.65215,-111.889117,41392.58333,E,10,Lac La Biche County
28,10456,2012,SWF079,,209,E,57.210833,-113.4605,41102.66667,NW,20,Municipal District of Opportunity
29,10470,2012,PWF033,Farmer Fire,235.84,E,56.463033,-118.948217,41041.91667,W,30,Clear Hills County
30,10471,2012,PWF035,,23.47,C,56.5336,-117.981767,41042.59028,W,30,County of Northern Lights
31,10493,2012,RWF019,Pembina,357,E,53.137597,-115.250265,41041.66667,W,20,Brazeau County
32,10518,2012,HWF159,Berry Creek,3103,E,59.1324,-114.195667,41100.875,NE,20,Mackenzie County
33,10519,2012,HWF160,Smith Creek,3852,E,59.306063,-114.0784,41100.875,NE,20,Mackenzie County
34,10527,2012,HWF179,Rock Lake,379.9,E,59.146217,-114.933717,41115.83333,NW,12,Mackenzie County
35,10536,2012,PWF174,Lennard Creek,951.6,E,57.46725,-119.95465,41129.6875,NW,15,County of Northern Lights
36,10567,2012,HWF163,,39.3,C,58.348433,-118.384533,41106.375,S,15,Mackenzie County
37,10581,2012,RWF018,,10.5,C,51.835833,-114.940367,41041.45139,S,5,Mountain View County
38,10583,2012,HWF108,Petitot River,4269,E,59.895517,-118.760133,41082.66667,NE,5,Mackenzie County
39,10595,2012,HWF221,,155.4,D,59.828483,-116.136583,41140.83333,NE,10,Mackenzie County
40,10648,2012,HWF004,,14.3,C,58.491382,-115.136913,41017.66667,W,12,Mackenzie County
41,10675,2012,HWF125,Melvin River,1312,E,58.905,-116.468667,41096.64583,W,20,Mackenzie County
42,10688,2012,HWF118,,38.1,C,58.5505,-114.176133,41096.5,W,10,Mackenzie County
43,10691,2012,HWF129,,45.8,D,58.564433,-114.21365,41096.83333,W,5,Mackenzie County
44,10694,2012,MWF052,,15043,E,59.245883,-110.696367,41100.70833,N,20,Wood Buffalo
45,10695,2012,MWF053,,1287,E,59.2761,-110.530233,41100.5,W,6,Wood Buffalo
46,10696,2012,MWF054,,1135,E,59.303133,-110.770617,41100.5,W,5,Wood Buffalo
47,10728,2012,MWF004,,14,C,56.433833,-111.160217,41035.55556,NW,10,Wood Buffalo
48,10774,2012,MWF065,,22.9,C,57.490906,-113.510667,41102.58333,W,15,Wood Buffalo
49,10779,2012,HWF162,,117.7,D,59.216667,-114.8161,41100.875,NE,20,Mackenzie County
50,10791,2012,PWF068,Hotchkiss,12732,E,57.151217,-119.15395,41095.62708,SW,12,Clear Hills County
51,10818,2012,HWF114,Bear Creek Fire,2613,E,58.113544,-116.23369,41094.625,NW,20,Mackenzie County
52,10822,2012,HWF161,,2896,E,59.181933,-114.421933,41100.875,NE,20,Mackenzie County
53,10833,2012,LWF046,,33.4,C,55.797183,-110.861167,41036.58333,W,8,Wood Buffalo
54,10845,2012,HWF194,,14.3,C,58.982517,-119.760283,41128.625,SE,10,Mackenzie County
55,10912,2012,SWF020,,19.5,C,54.95,-115.491333,41039.47222,S,20,Big Lakes County
56,10931,2012,SWF100,,13.4,C,56.96785,-115.150017,41118.66667,S,15,Northern Sunrise County
57,10940,2012,HWF182,,2060.3,E,59.8305,-119.694833,41118.83333,SW,8,Mackenzie County
58,10947,2012,HWF186,,2617,E,59.690798,-118.899043,41119.41667,CLM,0,Mackenzie County
59,10960,2012,HWF173,,67.2,D,58.943241,-115.456895,41112.83333,NE,6,Mackenzie County
60,11057,2012,HWF044,,32.6,C,58.816333,-118.725667,41035.89583,S,5,Mackenzie County
61,11086,2012,HWF088,,12,C,58.094892,-116.141584,41057.58333,SW,5,Mackenzie County
62,11100,2012,HWF146,Tepee Creek,1762,E,59.823833,-116.504833,41100.83333,NW,10,Mackenzie County
63,11122,2013,WWF008,,33.1,C,54.050967,-116.690717,41403.625,W,23,Yellowhead County
64,11134,2012,SWF027,,428,E,55.94635,-113.912183,41042.71181,W,20,Municipal District of Opportunity
65,11178,2013,RWF015,,244.2,E,52.441483,-116.13165,41347.58333,NW,8,Census Division No. 9
66,11228,2012,PWF132,Sock Lake,786,E,57.569833,-119.9735,41129.6875,W,10,County of Northern Lights
67,11263,2012,PWF166,Lathorp,279.12,E,56.610317,-119.738083,41143.09931,W,65,Clear Hills County
68,11282,2012,MWF061,,27,C,56.577533,-110.19785,41102.58333,E,10,Wood Buffalo
69,11295,2013,RWF020,,575.6,E,53.110867,-115.43015,41406.625,W,53,Brazeau County
70,11316,2012,HWF202,,89.3,D,59.323583,-117.638617,41129.83333,SW,17,Mackenzie County
71,11317,2012,HWF203,,19.06,C,59.285417,-117.627433,41129.83333,SW,17,Mackenzie County
72,11318,2012,HWF204,,74.6,D,57.891733,-116.422867,41129.875,W,15,Mackenzie County
73,11371,2012,PWF052,,12.91,C,56.522267,-117.565117,41081.69583,NE,10,County of Northern Lights
74,11372,2012,PWF053,,16.51,C,56.598317,-117.490533,41081.71736,E,15,County of Northern Lights
75,11386,2012,HWF142,Wentzel,23493,E,58.87405,-114.3802,41100.6875,SW,1,Mackenzie County
76,11391,2012,HWF149,James River,800,E,59.70985,-116.739883,41100.58333,W,15,Mackenzie County
77,11402,2012,HWF057,,25,C,58.54885,-115.165955,41041.67361,W,26,Mackenzie County
78,11410,2012,HWF135,Lutose Complex,47407.7,E,59.518182,-117.098242,41099.48958,SW,10,Mackenzie County
79,11413,2012,PWF118,,140.79,D,56.623933,-116.642317,41129.87986,W,20,Northern Sunrise County
80,11445,2012,CWF403,,15.3,C,49.56335,-114.285417,41201.50347,W,14,Municipal District of Pincher Creek No. 9
81,11452,2012,PWF060,,91.1,D,57.154633,-119.194283,41095.62708,SE,10,Clear Hills County
82,11488,2012,HWF147,,493.2,E,59.652918,-119.075178,41100.83333,SE,25,Mackenzie County
83,11568,2013,LWF037,,58.5,D,54.346248,-111.074731,41401.30208,NW,15,Municipal District of Bonnyville
84,11579,2012,LWF058,Poacher's Fire,1037.4,E,54.927879,-112.817149,41042.55208,W,9,Athabasca County
85,11586,2012,HWF089,Cameron Hills,1622.2,E,59.897667,-118.367583,41059.66667,SW,40,Mackenzie County
86,11591,2013,MWF009,,49.9,D,56.82345,-112.51725,41408.48403,W,15,Wood Buffalo
87,11602,2013,HWF068,,32.3,C,59.907367,-118.051767,41450.99514,N,5,Mackenzie County
88,11603,2013,HWF075,Yates River Fire,8819.1,E,59.354883,-115.45695,41452.81042,W,10,Mackenzie County
89,11614,2014,LWF013,,36.7,C,55.926383,-110.735783,41750.875,CLM,0,Wood Buffalo
90,11618,2013,PWF012,,16.67,C,56.7101,-117.151,41405.5,S,10,Northern Sunrise County
91,11630,2013,HWF109,,47.4,D,59.4224,-116.845,41464.5,SE,7,Mackenzie County
92,11636,2014,GWF008,,27.7,C,55.866217,-119.250772,41770.66667,W,6,Saddle Hills County
93,11652,2013,LWF090,,123.8,D,55.898133,-112.456783,41417.3125,SE,28,Lac La Biche County
94,11740,2013,HWF122,Whitesands River,477.1,E,59.2258,-115.118533,41464.80972,W,10,Mackenzie County
95,11744,2014,PWF024,,23.9,C,56.508133,-119.235217,41779.76389,W,25,Clear Hills County
96,11752,2014,HWF053,,12.69,C,58.419183,-114.542583,41789.5,SW,5,Mackenzie County
97,11757,2014,HWF058,,702.3,E,59.972183,-118.065767,41789.83333,W,5,Mackenzie County
98,11758,2014,HWF059,,198.2,D,59.9705,-118.999117,41789.83333,W,5,Mackenzie County
99,11760,2014,GWF018,,26.5,C,56.13647,-119.11369,41791.6875,NW,10,Saddle Hills County
100,11790,2014,GWF013,,22.47,C,55.306783,-117.083867,41778.5,N,15,Municipal District of Greenview
101,11793,2013,HWF084,,11.5,C,58.52295,-117.8036,41457.35486,W,15,Mackenzie County
102,11813,2014,SWF056,,23.7,C,57.169333,-114.695383,41802.75694,SE,5,Municipal District of Opportunity
103,11842,2014,LWF066,,32.5,C,55.819397,-110.880744,41779.29167,S,20,Wood Buffalo
104,11907,2014,LWF001,,76.3,D,55.9821,-110.63035,41736.5625,SE,15,Wood Buffalo
105,11935,2013,HWF091,Dickins Lake Fire,3659.3,E,59.655133,-119.924867,41461.83333,W,15,Mackenzie County
106,11938,2013,HWF093,,10.6,C,59.191336,-117.805119,41461.01736,SE,5,Mackenzie County
107,11939,2013,MWF054,,877.6,E,58.333866,-110.668371,41463.625,SE,5,Wood Buffalo
108,12004,2014,HWF096,,13.6,C,58.6089,-117.706233,41817.66667,W,8,Mackenzie County
109,12038,2013,HWF099,,60.3,D,59.688817,-116.005283,41463.78472,S,10,Mackenzie County
110,12039,2013,HWF098,Hoohay River,189.6,D,59.623217,-115.8057,41463.78472,S,10,Mackenzie County
111,12080,2014,HWF124,,25.66,C,59.891233,-117.89295,41818.58333,SW,9,Mackenzie County
112,12111,2014,MWF008,,32.4,C,58.065051,-113.735918,41804.59375,SE,30,Wood Buffalo
113,12121,2013,MWF010,,14.2,C,57.00652,-111.604585,41412.39583,SE,10,Wood Buffalo
114,12153,2013,HWF101,,111.1,D,59.720117,-116.582483,41463.77083,S,10,Mackenzie County
115,12175,2013,HWF029,,34.9,C,58.472,-114.493,41413.54167,SW,20,Mackenzie County
116,12179,2013,HWF070,,53.2,D,59.780167,-118.638483,41453.66667,SW,5,Mackenzie County
117,12191,2014,HWF133,,94.6,D,59.826467,-116.941117,41823.58333,SW,5,Mackenzie County
118,12204,2014,HWF147,,11.3,C,57.843,-114.595033,41823.75,E,15,Mackenzie County
119,12243,2013,HWF023,,66.5,D,58.522883,-115.124167,41412.53125,NW,20,Mackenzie County
120,12250,2013,MWF022,,18.6,C,56.808945,-112.705749,41423.625,N,15,Wood Buffalo
121,12255,2013,MWF078,,12.2,C,57.954371,-113.991302,41502.58333,E,12,Wood Buffalo
122,12310,2013,HWF050,,46.6,D,58.430243,-114.547969,41424.70833,NE,15,Mackenzie County
123,12349,2013,HWF136,,76.1,D,59.37355,-117.829817,41481.75,SE,6,Mackenzie County
124,12489,2013,MWF068,,11.4,C,57.20205,-112.394435,41500.66389,W,2,Wood Buffalo
125,12501,2014,HWF041,,11.48,C,58.71105,-118.754833,41772.04167,S,15,Mackenzie County
126,12514,2014,SWF014,,11.3,C,55.366317,-115.731733,41765.75,E,7,Big Lakes County
127,12515,2014,HWF030,,25.64,C,58.72455,-118.707383,41766.45833,SW,10,Mackenzie County
128,12547,2013,RWF044,,22.5,C,52.868817,-116.167967,41415.53125,SE,30,Yellowhead County
129,12587,2013,GWF025,Deep Valley Creek,481.8,E,54.519967,-117.60045,41417.57292,E,20,Municipal District of Greenview
130,12592,2013,MWF055,,14.6,C,59.887861,-111.419414,41464.25,S,10,Wood Buffalo
131,12603,2013,GWF046,,10.6,C,55.223383,-117.51735,41572.70833,CLM,0,Municipal District of Greenview
132,12610,2013,HWF028,,90.4,D,59.628683,-117.104183,41099.48958,W,25,Mackenzie County
133,12644,2013,MWF039,,37,C,57.547354,-111.425291,41430.54167,SE,26,Wood Buffalo
134,12662,2014,WWF021,,17.4,C,54.52995,-115.821167,41780.5,E,5,Big Lakes County
135,12665,2013,HWF037,,84.5,D,58.446433,-116.628067,41419.52083,E,10,Mackenzie County
136,12692,2013,HWF121,,19.9,C,59.560333,-117.492367,41464.75,SW,9,Mackenzie County
137,12766,2014,SWF016,,48.7,D,55.38,-115.426667,41766.75,SE,3,Big Lakes County
138,12808,2014,HWF087,,10.59,C,57.86805,-116.351983,41814.54167,S,10,Mackenzie County
139,12856,2013,HWF116,,25.5,C,59.86335,-116.018067,41463.025,E,5,Mackenzie County
140,12876,2013,MWF012,,154.2,D,57.45215,-110.615883,41414.57778,E,22,Wood Buffalo
141,12919,2013,HWF140,,27,C,59.999,-117.651,41477.65,NE,15,Mackenzie County
142,12985,2014,SWF113,T-3 Complex,4211,E,57.264667,-115.757833,41825.75,SW,18,Northern Sunrise County
143,13022,2013,WWF019,,40.1,D,54.072683,-115.864433,41412.58333,W,3,Woodlands County
144,13102,2014,EWF052,Little Smoky Complex,20,C,53.99561,-118.66993,41834.64236,NE,19,Municipal District of Greenview
145,13138,2014,EWF054,Little Smoky Complex,419,E,54.06746,-118.29377,41835.69097,NE,20,Municipal District of Greenview
146,13139,2014,GWF043,,33.1,C,54.356217,-119.957433,41835.21111,S,5,Municipal District of Greenview
147,13170,2014,HWF155,,13.1,C,59.93805,-119.204,41833.58333,NW,9,Mackenzie County
148,13187,2013,WWF023,,17.1,C,54.1281,-116.173867,41415.5,E,25,Woodlands County
149,13213,2014,HWF157,,18.8,C,58.567417,-116.743133,41835.91667,S,10,Mackenzie County
150,13229,2014,LWF002,,190.9,D,56.003267,-110.601017,41736.64583,SE,15,Wood Buffalo
151,13248,2014,MWF041,,36.9,C,57.614306,-110.154264,41847.58333,CLM,0,Wood Buffalo
152,13273,2014,HWF163,,23.2,C,59.8901,-118.622,41841.625,S,5,Mackenzie County
153,13321,2013,MWF042,,41.8,D,57.771701,-112.950891,41447.50347,SE,15,Wood Buffalo
154,13326,2014,GWF044,Red Deer Creek,4173.06,E,54.6599,-119.9646,41826.70833,SW,13,Municipal District of Greenview
155,13344,2014,GWF003,,16.73,C,55.37441,-117.16959,41743.58333,E,10,Municipal District of Greenview
156,13351,2014,SWF045,,13.5,C,56.220367,-114.3891,41793.49653,SW,15,Municipal District of Opportunity
157,13369,2013,HWF062,,96.3,D,58.608317,-114.442517,41442.79583,NW,35,Mackenzie County
158,13404,2013,HWF078,Buffalo River ,2210.6,E,59.363307,-114.607937,41442.58819,W,15,Mackenzie County
159,13464,2014,RWF034,Spreading Creek,8972,E,51.988983,-116.656067,41823.80972,W,25,Clearwater County
160,13492,2013,HWF131,,49.4,D,59.840133,-118.652067,41481.58333,SW,5,Mackenzie County
161,13559,2015,HWF079,,121.1,D,58.511017,-115.5755,42137.52778,W,10,Mackenzie County
162,13579,2015,CWF007,,38.6,C,50.754767,-114.535017,42111.5625,W,22,Kananaskis Improvement District
163,13583,2015,PWF027,,10,C,55.856833,-116.807283,42135.70833,SE,10,Big Lakes County
164,13587,2015,WWF017,,11,C,54.6603,-114.612417,42138.61111,SE,15,Woodlands County
165,13589,2015,PWF030,,64,D,56.184567,-116.941667,42139.72917,SE,18,Northern Sunrise County
166,13608,2015,HWF063,,19.99,C,58.837443,-118.731727,42128.3125,N,15,Mackenzie County
167,13671,2014,HWF186,,36.27,C,59.11075,-114.11365,41850.66667,NW,5,Mackenzie County
168,13686,2018,CWF063,Champion Lakes,30.5,C,50.816133,-114.643883,43247.41806,NE,10,Kananaskis Improvement District
169,13757,2015,EWF039,Nosehill Creek Complex,678,E,53.8575,-116.9171,42148.55208,SE,20,Yellowhead County
170,13758,2015,HWF113,,160.8,D,58.809167,-118.709167,42147.27083,SW,10,Mackenzie County
171,13764,2015,CWF099,,36.6,C,51.4455,-114.99122,42148.57292,E,8,Municipal District of Bighorn
172,13765,2015,RWF063,,11.5,C,53.075517,-115.02105,42148.57986,SE,15,Brazeau County
173,13771,2015,HWF121,,19.37,C,58.79665,-118.154883,42149.61667,NE,15,Mackenzie County
174,13780,2014,RWF076,,12.3,C,52.164483,-116.5044,41932.29167,W,10,Clearwater County
175,13795,2015,SWF055,,255.3,E,56.2115,-115.314167,42143.60069,SE,15,Northern Sunrise County
176,13813,2015,PWF052,Hotchkiss-Hotchkiss Complex,841.4,E,57.2144,-119.183233,42149.53056,NE,15,Clear Hills County
177,13816,2015,HWF131,Buffalo Complex,25.1,C,57.5283,-116.9883,42149.625,NW,20,Mackenzie County
178,13852,2015,LWF122,Burnt Lake,31997,E,54.807133,-110.364883,42057.33333,S,3,Municipal District of Bonnyville
179,13857,2015,SWF066,North End Complex,208.7,E,56.13475,-113.819167,42147.53472,E,15,Municipal District of Opportunity
180,13876,2015,MWF030,,51.1,D,56.658743,-111.09544,42154.58333,SE,10,Wood Buffalo
181,13890,2014,HWF240,,15.64,C,58.104998,-114.3367,41887.5,SW,20,Mackenzie County
182,13895,2015,SWF030,,209.6,E,55.390133,-115.82015,42121.79167,SW,22,Big Lakes County
183,13905,2015,LWF125,,500,E,55.829167,-111.045833,42149.58333,N,15,Wood Buffalo
184,13906,2015,LWF126,Pony Creek Complex,2130.8,E,55.828312,-110.984887,42149.58333,N,15,Wood Buffalo
185,13908,2015,SWF075,,98,D,56.5451,-114.817483,42149.61458,N,2,Municipal District of Opportunity
186,13909,2015,MWF025,,406.1,E,56.761633,-112.958717,42149.625,NW,20,Municipal District of Opportunity
187,13910,2015,SWF076,,123.5,D,55.300167,-114.3925,42149.64722,NW,10,Municipal District of Lesser Slave River
188,13916,2015,PWF054,Hotchkiss Complex,36.6,C,57.26505,-119.169933,42149.64167,NE,15,Clear Hills County
189,13920,2015,HWF127,Buffalo Complex,3852.1,E,57.54835,-116.1527,42149.625,NW,20,Mackenzie County
190,13923,2015,SWF080,North End Complex,81.7,D,56.263333,-113.576333,42149.70833,W,12,Municipal District of Opportunity
191,13926,2015,HWF130,Buffalo Complex,173.4,D,57.7622,-116.361,42149.625,NW,20,Mackenzie County
192,13929,2015,HWF132,Buffalo Complex,1261.6,E,57.511167,-117.003333,42149.625,NW,20,Mackenzie County
193,13953,2015,RWF029,,14,C,51.814853,-114.91873,42120.67153,NE,20,Mountain View County
194,13958,2015,HWF157,Harper Creek ,6129,E,58.241483,-114.629283,42160.75,NW,20,Mackenzie County
195,13994,2015,EWF047,Rat Creek Complex,53.9,D,53.417583,-115.329067,42150.72222,SW,20,Yellowhead County
196,14033,2014,LWF116,,12.4,C,55.634783,-112.60245,41867.5625,SW,10,Lac La Biche County
197,14071,2015,GWF014,,56,D,55.248967,-117.192783,42135.34028,S,10,Municipal District of Greenview
198,14076,2015,MWF047,,61.4,D,57.173767,-112.741483,42176.75,N,25,Wood Buffalo
199,14094,2015,HWF196,Chin Complex,793,E,58.792833,-118.159333,42179.625,S,10,Mackenzie County
200,14109,2015,HWF151,Caribou Mountain Fire,8782.5,E,59.271083,-114.25625,42160.57986,SW,7,Mackenzie County
201,14115,2015,EWF054,Rockslide Creek,12052.3,E,53.485417,-119.225817,42150.625,W,20,
202,14138,2015,LWF161,Caribou,11363.9,E,55.476183,-112.027267,42178.70833,SW,15,Lac La Biche County
203,14149,2015,MWF078,,9000,E,57.8403,-112.5289,42178.75,NW,8,Wood Buffalo
204,14151,2015,MWF081,,10.2,C,56.8,-112.05,42178.75,E,15,Wood Buffalo
205,14153,2015,HWF213,Birch Complex,12822.5,E,57.916833,-116.023867,42180.54167,N,15,Mackenzie County
206,14160,2015,HWF217,Chin Complex,28270,E,58.52995,-118.0047,42180.6875,W,12,Mackenzie County
207,14161,2015,HWF219,Chin Complex,11945.8,E,58.190767,-118.35585,42180.64583,S,15,Mackenzie County
208,14162,2015,HWF220,Chin Complex,7048.19,E,58.462933,-118.18735,42180.625,S,10,Mackenzie County
209,14187,2015,PWF084,,13,C,57.0855,-116.580667,42165.875,SW,20,Northern Sunrise County
210,14204,2014,HWF226,,70.94,D,59.323383,-114.234467,41857.83333,S,25,Mackenzie County
211,14206,2014,PWF116,Frank Lake,353,E,55.909183,-116.9768,41871.5,E,30,Municipal District of Smoky River
212,14216,2015,HWF227,Birch Complex,2131.69,E,57.5809,-114.77335,42180.47917,SW,10,Mackenzie County
213,14223,2015,HWF246,Larne Complex,3815.5,E,59.243467,-117.982,42181.6875,SW,5,Mackenzie County
214,14231,2015,MWF111,,150,D,56.662483,-112.1894,42179.75,W,20,Wood Buffalo
215,14232,2015,MWF112,,53,D,59.791853,-111.186955,42178.75,NW,5,Wood Buffalo
216,14237,2015,SWF002,,11,C,55.360117,-115.736667,42102.79167,SW,15,Big Lakes County
217,14238,2015,SWF003,,26.3,C,55.173333,-116.896667,42103.78681,SW,10,Big Lakes County
218,14241,2015,SWF009,,31.3,C,55.466833,-116.1075,42110.09375,W,15,Big Lakes County
219,14253,2015,SWF137,,43.2,D,56.366633,-113.6985,42181.79167,SW,31,Municipal District of Opportunity
220,14261,2014,SWF150,,11.4,C,56.127667,-114.046483,41851.63542,NE,3,Municipal District of Opportunity
221,14280,2015,HWF211,,20.7,C,58.294467,-114.425317,42179.83333,SE,12,Mackenzie County
222,14284,2015,HWF258,Birch Complex,16028.9,E,57.778733,-116.3263,42183.625,W,37,Mackenzie County
223,14285,2015,MWF113,,330,E,57.4103,-113.666167,42183.79167,SW,9,Wood Buffalo
224,14290,2015,WWF045,,30.2,C,54.585,-115.353,42186.65972,W,20,Big Lakes County
225,14291,2015,HWF267,Larne Complex,789.6,E,59.37075,-117.871667,42186.625,SE,10,Mackenzie County
226,14293,2015,LWF191,,200.7,E,55.960517,-112.48575,42186.79167,W,5,Lac La Biche County
227,14304,2014,LWF127,,29.7,C,55.948933,-110.732333,41923.70833,NW,5,Wood Buffalo
228,14309,2015,HWF176,,10.6,C,59.784333,-116.856167,42178.54167,SW,10,Mackenzie County
229,14321,2015,SWF182,,76.4,D,56.353333,-115.469333,42185.79167,SW,15,Northern Sunrise County
230,14339,2015,HWF255,,277.96,E,58.76305,-117.3081,42183.59097,NE,15,Mackenzie County
231,14372,2015,HWF261,Birch Complex,132,D,57.80135,-114.328717,42184.70833,NE,10,Mackenzie County
232,14374,2015,SWF163,Brintnell Complex,9895,E,55.675535,-114.616475,42185.66667,CLM,0,Municipal District of Lesser Slave River
233,14376,2015,PWF131,Gilligan- Notikewin Complex,2872.8,E,56.649467,-118.64445,42186.8625,SW,15,Clear Hills County
234,14380,2015,GWF044,,99.6,D,54.686875,-118.673063,42193.54167,W,3,Municipal District of Greenview
235,14383,2015,LWF202,,49.3,D,55.887176,-112.674982,42194.79167,W,15,Municipal District of Opportunity
236,14403,2015,HWF228,Birch Complex,309.5,E,57.561667,-114.419417,42180.66667,NW,5,Mackenzie County
237,14404,2015,HWF229,Birch Complex,42737.35,E,57.941217,-114.616117,42180.75,E,10,Mackenzie County
238,14405,2015,LWF175,Winefred River,15375.6,E,56.0438,-110.21215,42181.59167,SW,7,Wood Buffalo
239,14408,2015,HWF240,Larne Complex,661.5,E,59.216,-117.6876,42181.625,SW,6,Mackenzie County
240,14409,2015,HWF237,Larne Complex,19280,E,59.293383,-118.094617,42181.58333,SW,6,Mackenzie County
241,14413,2015,HWF249,Birch Complex,4964.2,E,58.049183,-115.84555,42182.66667,NE,5,Mackenzie County
242,14414,2015,HWF252,Birch Complex,625.28,E,57.8716,-114.312867,42182.625,W,6,Mackenzie County
243,14418,2015,HWF273,,132.8,D,59.228846,-116.835059,42187.625,NE,9,Mackenzie County
244,14441,2015,HWF250,Chin Complex,193.2,D,58.4147,-117.291867,42182.625,N,12,Mackenzie County
245,14442,2015,HWF272,,1929.3,E,59.039817,-114.984083,42187.66667,CLM,0,Mackenzie County
246,14446,2015,RWF093,,16.4,C,52.396367,-116.034183,42193.5625,S,1,Clearwater County
247,14450,2014,MWF051,,2711.7,E,58.580816,-110.049053,41849.79167,SW,3,Wood Buffalo
248,14468,2015,MWF080,,47.3,D,56.985929,-112.861813,42178.75,SE,4,Municipal District of Opportunity
249,14474,2015,EWF061,Pinto Creek Complex,75.2,D,53.75285,-117.8603,42179.34722,W,30,Yellowhead County
250,14522,2015,HWF182,,1914.49,E,59.642667,-118.8409,42178.625,SW,25,Mackenzie County
251,14528,2015,MWF114,,14800,E,57.387067,-113.717133,42185.5625,SW,9,Wood Buffalo
252,14540,2015,MWF023,,20.4,C,57.533517,-113.840667,42148.75,W,15,Wood Buffalo
253,14541,2015,MWF026,,10.8,C,56.144672,-112.324003,42148.75,NW,12,Wood Buffalo
254,14580,2015,SWF067,,51.4,D,55.149583,-114.52,42148.50694,SE,10,Municipal District of Lesser Slave River
255,14609,2014,LWF117,,19.2,C,55.097296,-111.004318,41868.60417,N,15,Municipal District of Bonnyville
256,14633,2015,HWF144,,43.18,D,58.7652,-118.786967,42157.54167,SE,9,Mackenzie County
257,14668,2015,LWF148,Pony Creek Complex,16.6,C,55.7413,-110.573417,42165.70833,W,7,Wood Buffalo
258,14674,2014,MWF094,,32,C,57.367684,-110.722161,41864.95833,W,9,Wood Buffalo
259,14707,2015,HWF161,,12.5,C,58.414917,-114.510917,42166.72569,SW,20,Mackenzie County
260,14726,2015,MWF045,,65,D,57.501483,-113.6424,42168.65417,N,36,Wood Buffalo
261,14739,2015,MWF052,,24458,E,59.6531,-110.343233,42177.66667,NW,15,Wood Buffalo
262,14740,2015,MWF053,Firebag Complex,99.1,D,56.768608,-110.326164,42178.75,CLM,0,Wood Buffalo
263,14764,2015,PWF088,,29.3,C,57.037483,-116.89025,42177.68056,W,10,Northern Sunrise County
264,14795,2015,LWF171,,44.5,D,55.300783,-111.105683,42176.66667,SE,8,Municipal District of Bonnyville
265,14796,2015,HWF216,Birch Complex,457.6,E,57.767067,-114.488367,42180.60417,E,16,Mackenzie County
266,14797,2015,MWF089,,60.7,D,57.236545,-111.79272,42178.75,SW,15,Wood Buffalo
267,14799,2015,MWF091,,1127.8,E,59.051,-110.78875,42178.75,W,5,Wood Buffalo
268,14826,2015,LWF014,,36.9,C,55.916917,-110.746567,42106.70833,NW,16,Wood Buffalo
269,14833,2015,PWF004, ,27.4,C,57.890383,-117.609883,42110.59722,NW,50,County of Northern Lights
270,14843,2015,HWF204,,10175.7,E,59.1426,-115.1524,42178.625,W,17,Mackenzie County
271,14849,2015,PWF106,,13.3,C,57.015967,-118.3367,42180.375,NW,15,Clear Hills County
272,14855,2015,MWF096,,20,C,57.753417,-112.790883,42178.75,NW,10,Wood Buffalo
273,14873,2015,MWF106,,956.4,E,59.251483,-111.30285,42181.95833,E,6,Wood Buffalo
274,14874,2015,HWF248,Shekillie River,15155,E,59.229717,-119.975783,42181.5625,W,11,Mackenzie County
275,14880,2015,MWF110,Grande Complex,4351,E,56.609767,-112.142083,42179.5,W,11,Wood Buffalo
276,14914,2015,MWF101,,68000,E,57.736167,-112.923833,42178.75,NW,40,Wood Buffalo
277,14915,2015,MWF102,,11.6,C,56.730292,-112.679705,42181.58333,E,15,Wood Buffalo
278,14919,2015,MWF107,,594,E,57.750583,-113.066667,42181.75,W,15,Wood Buffalo
279,14925,2015,SWF142,90 Complex,47.7,D,56.830483,-114.292083,42185.61458,NW,15,Municipal District of Opportunity
280,14927,2015,SWF140,Loon River Complex,1916,E,57.133923,-115.3109,42185.5625,SW,20,Northern Sunrise County
281,14928,2015,SWF143,94 Complex,20.5,C,57.12965,-115.270217,42185.60625,SW,15,Northern Sunrise County
282,14954,2015,PWF129,Notikewin- Notikewin Complex,419.5,E,56.821533,-118.562317,42186.58333,W,5,Clear Hills County
283,14955,2015,HWF234,,278.1,E,59.8466,-116.768133,42181.5,W,15,Mackenzie County
284,14958,2015,MWF118,,1045.1,E,58.52665,-110.205567,42180.75,NW,10,Wood Buffalo
285,14959,2015,LWF189,,85.7,D,56.150933,-112.732683,42186.70833,W,5,Municipal District of Opportunity
286,14960,2015,LWF192,,170.3,D,56.0716,-110.33845,42187.53125,SW,20,Wood Buffalo
287,14962,2015,MWF122,,52.9,D,59.648586,-111.394622,42187.5,S,1,Wood Buffalo
288,14985,2015,HWF262,Larne Complex,11.1,C,59.222983,-117.891333,42184.79167,S,12,Mackenzie County
289,14997,2015,SWF167,Foxtrot Complex,10.2,C,55.983167,-113.221667,42185.75,NW,16,Municipal District of Opportunity
290,15000,2015,HWF264,Birch Complex,16.21,C,57.9083,-116.2125,42186.58333,W,10,Mackenzie County
291,15002,2015,MWF120,,71.7,D,56.7867,-112.843233,42187.33333,SW,15,Municipal District of Opportunity
292,15007,2015,EWF062,Pinto Creek Complex,148.78,D,53.783333,-117.85,42179.34722,W,15,Yellowhead County
293,15028,2015,LWF015,,53.1,D,55.896267,-110.767167,42106.9375,W,23,Wood Buffalo
294,15035,2015,HWF278,Birch Complex,3329.7,E,57.6969,-114.14,42191.79167,NW,10,Mackenzie County
295,15046,2015,LWF036,,13.4,C,55.936017,-110.730433,42117.375,SE,10,Wood Buffalo
296,15057,2015,HWF190,,199.6,D,58.078833,-116.415833,42179.58333,S,5,Mackenzie County
297,15058,2015,HWF195,,13.1,C,59.050383,-119.547067,42178.66667,S,10,Mackenzie County
298,15063,2015,HWF200,Jackpot Creek ,8948.7,E,59.826867,-117.74615,42179.625,S,10,Mackenzie County
299,15064,2015,HWF201,,1113.9,E,59.927883,-118.046067,42179.625,S,10,Mackenzie County
300,15065,2015,HWF202,,218,E,59.981017,-118.158967,42179.625,S,10,Mackenzie County
301,15067,2015,HWF205,Beatty Lake ,3736.6,E,59.7917,-118.5111,42179.66667,E,5,Mackenzie County
302,15069,2015,HWF207,,98.1,D,59.7247,-119.5726,42179.625,S,10,Mackenzie County
303,15072,2014,MWF071,,24.8,C,59.825324,-110.169055,41856.95833,CLM,0,Wood Buffalo
304,15121,2015,LWF198,,114.1,D,54.982433,-110.128617,42192.64583,SW,10,Municipal District of Bonnyville
305,15122,2015,MWF127, ,23.9,C,59.57178,-110.74538,42188.75,SW,20,Wood Buffalo
306,15127,2018,MWF016,Otter Lake Fire,2012.6,E,57.351917,-110.636,43245.58333,W,25,Wood Buffalo
307,15232,2015,LWF107,,12.4,C,55.818783,-111.437167,42138.58333,SW,10,Wood Buffalo
308,15245,2015,SWF211,Loon River Complex,473.3,E,57.267517,-115.7718,42198.75,SW,20,Northern Sunrise County
309,15267,2015,SWF181,,15.4,C,56.135967,-115.098,42185.75,NW,20,Northern Sunrise County
310,15295,2015,HWF223,,626.38,E,59.753067,-117.1767,42181.3375,SW,5,Mackenzie County
311,15300,2015,SWF175,Loon River Complex,8407,E,56.982,-114.200167,42185.75,W,10,Municipal District of Opportunity
312,15305,2015,SWF214,,124,D,56.563717,-114.473667,42199.625,SW,15,Municipal District of Opportunity
313,15319,2015,EWF015,Rat Creek Complex,747.7,E,53.158733,-115.4012,42136.52778,SE,31,Brazeau County
314,15325,2015,HWF087,,61.4,D,58.436733,-114.534267,42139.66667,N,15,Mackenzie County
315,15331,2015,SWF217,,19,C,56.99945,-113.73265,42187.95833,SW,15,Municipal District of Opportunity
316,15343,2014,HWF219,,182.07,D,59.100817,-114.47215,41867.83333,W,10,Mackenzie County
317,15348,2015,MWF094,Firebag Complex,11032.9,E,57.006633,-110.534333,42178.75,NW,3,Wood Buffalo
318,15412,2014,WWF039,,12,C,54.4917,-114.738583,41854.6875,SE,8,Woodlands County
319,15427,2015,HWF111,,3521.3,E,59.069167,-119.945833,42146.77083,NW,5,Mackenzie County
320,15432,2015,HWF265,,63.6,D,58.228,-119.5515,42186.54167,NW,10,Mackenzie County
321,15434,2015,SWF207,,16.3,C,57.114333,-114.805833,42198.58333,NW,10,Municipal District of Opportunity
322,15449,2015,HWF076,,115.7,D,58.770667,-118.721667,42134.54167,SE,10,Mackenzie County
323,15518,2014,HWF211,,10.7,C,59.299633,-117.170567,41863.70833,E,10,Mackenzie County
324,15582,2016,MWF009,Horse River Fire,485123.6,E,56.670117,-111.464233,42491,SE,13,Wood Buffalo
325,15586,2016,MWF016,,10,C,56.769333,-110.586667,42495.58333,W,20,Wood Buffalo
326,15608,2015,LWF226,,10,C,55.950172,-110.725435,42291.42708,W,35,Wood Buffalo
327,15618,2016,LWF076,,146.5,D,55.9365,-110.904083,42508.52083,W,12,Wood Buffalo
328,15666,2016,PWF013,,99.4,D,56.286817,-117.9125,42430.5,W,30,County of Northern Lights
329,15715,2016,SWF082,,75,D,56.094383,-113.413817,42527.54167,E,10,Municipal District of Opportunity
330,15723,2016,CWF011,,19.8,C,51.435433,-114.71095,42469.59722,N,24,Municipal District of Bighorn
331,15787,2016,HWF002,,11.6,C,58.562917,-118.39735,42479,W,15,Mackenzie County
332,15817,2016,MWF032,,27.3,C,57.266514,-112.635463,42543.66667,SW,14,Wood Buffalo
333,15879,2016,HWF238,,120.1,D,57.652033,-114.788567,42597.83333,W,20,Mackenzie County
334,15923,2016,PWF008,,12.3,C,56.503433,-117.890767,42370.5,SW,15,County of Northern Lights
335,15926,2016,SWF151,,60.8,D,56.331033,-113.224767,42548.79167,NW,15,Municipal District of Opportunity
336,15949,2016,HWF189,,46.6,D,59.994717,-117.599183,42564.5625,N,35,Mackenzie County
337,16047,2016,PWF086,,26.9,C,57.211133,-116.9291,42551.60417,SE,16,Northern Sunrise County
338,16053,2016,HWF245,,24,C,59.128717,-117.778617,42606.83333,NW,4,Mackenzie County
339,16056,2015,MWF137,,83.5,D,57.101283,-112.5601,42213.58333,SW,3,Wood Buffalo
340,16086,2016,MWF062,,80.1,D,58.641867,-111.173583,42542.83333,NW,15,Wood Buffalo
341,16094,2016,SWF001,,28.3,C,55.31875,-115.22895,42453.41667,W,20,Municipal District of Lesser Slave River
342,16122,2016,SWF030,,1939.9,E,56.737167,-115.909133,42490.58333,SW,25,Northern Sunrise County
343,16125,2016,HWF045,,79.4,D,58.31079,-116.00399,42494.60417,W,30,Mackenzie County
344,16163,2016,LWF071,,14.7,C,55.053567,-111.597083,42494.60417,SE,15,Lac La Biche County
345,16165,2016,MWF015,,11604,E,56.7831,-110.581317,42494.75,NW,11,Wood Buffalo
346,16166,2016,PWF031,,22.3,C,57.850383,-117.64615,42495.55556,W,22,County of Northern Lights
347,16167,2016,PWF034,,11.6,C,57.892483,-117.631417,42495.54167,W,10,County of Northern Lights
348,16170,2016,MWF018,,40,C,56.801633,-110.63005,42496.45833,NW,11,Wood Buffalo
349,16206,2016,HWF051,,28.3,C,58.4809,-114.5196,42494.86458,W,25,Mackenzie County
350,16251,2016,MWF104,,12.9,C,56.727364,-112.878176,42557.72917,W,8,Municipal District of Opportunity
351,16262,2015,SWF237,,11.3,C,55.33335,-116.600883,42227.58333,SW,20,Big Lakes County
352,16280,2016,HWF209,,33.4,C,59.590033,-119.16885,42579.77083,NW,6,Mackenzie County
353,16298,2016,HWF132,,204.3,E,59.640833,-119.723167,42550.59028,SE,2,Mackenzie County
354,16312,2016,HWF147,,165.3,D,59.569833,-119.138533,42550.65972,E,20,Mackenzie County
355,16335,2016,MWF039,,14.1,C,57.993675,-113.209737,42543.66389,N,10,Wood Buffalo
356,16383,2015,SWF255,,18.5,C,55.92445,-113.870383,42295.64583,NE,7,Municipal District of Opportunity
357,16463,2016,HWF095,,89.7,D,59.309933,-118.9057,42528.41667,SW,10,Mackenzie County
358,16464,2016,HWF096,,72.5,D,59.20675,-117.02385,42528.5625,NW,17,Mackenzie County
359,16509,2016,RWF001,,23.74,C,52.2743,-115.097767,42461.5625,NE,10,Clearwater County
360,16511,2016,HWF100,    ,320.9,E,59.949367,-119.241533,42528.66667,CLM,0,Mackenzie County
361,16532,2015,GWF079,,34.7,C,55.496033,-119.49955,42266.89583,SE,5,County of Grande Prairie
362,16592,2016,HWF156,,451.7,E,58.43855,-114.381217,42551.59722,E,10,Mackenzie County
363,16593,2016,HWF157,,14.8,C,58.2,-114.2,42551.58333,NE,20,Mackenzie County
364,16615,2016,HWF193,,752,E,59.92005,-118.925133,42564.83333,SE,10,Mackenzie County
365,16633,2016,HWF158,,88.7,D,58.412333,-114.358,42551.60069,SE,20,Mackenzie County
366,16634,2016,HWF159,,540.8,E,58.314667,-114.022217,42551.58333,NE,20,Mackenzie County
367,16679,2016,GWF013,,98.6,D,54.900683,-118.92495,42478.64583,SE,40,Municipal District of Greenview
368,16682,2016,HWF075,.,30.4,C,58.447217,-114.542267,42515.7875,NW,25,Mackenzie County
369,16697,2016,HWF188,,37.6,C,59.99325,-117.588683,42564.5,N,35,Mackenzie County
370,16738,2016,LWF097,,18.3,C,55.548386,-110.708258,42549.57639,SW,4,Wood Buffalo
371,16766,2016,RWF029,,19.5,C,51.74205,-114.897183,42478.53125,S,1,Census Division No. 9
372,16782,2015,SWF238,,21.1,C,55.193,-116.469,42228.69792,W,25,Big Lakes County
373,16796,2016,LWF029,,65,D,54.9098,-112.496117,42478.73958,S,16,Athabasca County
374,16845,2016,HWF215,,54.3,D,59.307183,-117.6387,42581.71528,NW,3,Mackenzie County
375,16846,2016,HWF235,,10.4,C,58.23745,-116.42075,42597.625,W,9,Mackenzie County
376,16854,2016,HWF044,,94,D,58.441,-117.215007,42494.59167,SW,30,Mackenzie County
377,16860,2016,MWF014,,310,E,56.608317,-110.940367,42494.76042,S,39,Wood Buffalo
378,16870,2015,RWF127,,11.2,C,52.42385,-116.216567,42291.58333,N,5,Clearwater County
379,16885,2016,HWF054,,19.1,C,58.7082,-118.672233,42495.44444,W,15,Mackenzie County
380,16917,2016,LWF082,,23.5,C,55.58025,-113.051217,42527.54167,N,20,Municipal District of Opportunity
381,16930,2015,HWF295,,49.27,D,59.3409,-117.817,42215.625,W,11,Mackenzie County
382,16938,2016,LWF103,,20.08,C,56.09335,-111.0123,42579.5625,N,5,Wood Buffalo
383,16974,2016,PWF113,,44.8,D,57.431217,-117.2512,42620.58333,W,15,County of Northern Lights
384,17039,2016,HWF030,,118.3,D,58.396516,-116.716724,42309,NW,15,Mackenzie County
385,17042,2016,WWF025,Iosegun Lake ,657,E,54.525278,-116.803612,42505.53125,SE,10,Municipal District of Greenview
386,17074,2016,SWF079,,35.1,C,57.110703,-114.758415,42527.76389,S,10,Municipal District of Opportunity
387,17180,2016,HWF130,,2297.5,E,59.865967,-118.14715,42549.83333,S,10,Mackenzie County
388,17299,2016,PWF024,,74,D,56.505583,-117.88345,42490.58333,SW,10,County of Northern Lights
389,17355,2017,MWF006,,20,C,57.222776,-110.748604,42875.54167,E,15,Wood Buffalo
390,17421,2017,MWF037,,24.1,C,57.70855,-113.142333,42924.5,SW,5,Wood Buffalo
391,17450,2017,HWF015,,40.12,D,58.402917,-114.532683,42840.70833,W,10,Mackenzie County
392,17503,2017,LWF038,,51.7,D,55.12105,-112.02865,42875.53819,W,12,Lac La Biche County
393,17530,2017,MWF013,,29,C,57.993005,-113.761937,42886.73889,W,10,Wood Buffalo
394,17563,2017,SWF023,,35.1,C,54.80295,-116.703933,42878.83333,NW,30,Municipal District of Greenview
395,17577,2017,SWF051,,150,D,56.69105,-116.038633,42912.78125,SW,10,Northern Sunrise County
396,17578,2017,SWF052,,133,D,56.669867,-116.013583,42912.69792,NW,20,Northern Sunrise County
397,17592,2017,PWF024,,80.7,D,57.003167,-118.581117,42885.63889,W,7,Clear Hills County
398,17606,2017,HWF042,,64,D,58.302583,-115.781,42855.58472,SW,13,Mackenzie County
399,17651,2017,PWF040,,12.2,C,56.332417,-116.7133,42903.64583,S,20,Northern Sunrise County
400,17654,2017,SWF049,,320,E,56.93867,-115.0551,42911.69792,SW,10,Northern Sunrise County
401,17661,2017,MWF039,,32.6,C,57.43505,-110.392617,42924.75,N,10,Wood Buffalo
402,17667,2017,HWF081,,14.93,C,58.466617,-114.389533,42874.54167,SW,23,Mackenzie County
403,17690,2017,LWF018,,39,C,55.822666,-110.879165,42838.33333,SW,23,Wood Buffalo
404,17694,2017,HWF090,,183,D,58.49115,-114.377917,42884.61111,SE,9,Mackenzie County
405,17726,2017,MWF017,,11,C,57.27153,-112.287468,42887.75,SE,8,Wood Buffalo
406,17727,2017,MWF018,,117.5,D,57.0515,-112.97185,42888.47917,W,5,Municipal District of Opportunity
407,17778,2017,HWF126,,15.7,C,59.459617,-115.76675,42887.625,NE,10,Mackenzie County
408,17787,2017,HWF183,,117,D,58.533633,-114.287333,42933.41667,W,1,Mackenzie County
409,17841,2017,HWF097,,100,D,59.655,-116.871388,42885.55208,S,10,Mackenzie County
410,17842,2017,HWF098,,210,E,59.6475,-116.851433,42885.56597,S,10,Mackenzie County
411,17863,2017,PWF068, ,201.5,E,57.368783,-116.214983,42938.59792,SW,18,Northern Sunrise County
412,17893,2017,HWF102,,387.7,E,59.859383,-116.8565,42885.6875,S,15,Mackenzie County
413,17895,2017,HWF105,,75,D,58.37875,-119.108717,42885.79514,SE,15,Mackenzie County
414,17903,2017,HWF125,,13.2,C,58.99345,-118.019117,42887.61806,SW,11,Mackenzie County
415,17962,2017,HWF142,,45,D,59.840217,-115.792583,42892.51042,E,15,Mackenzie County
416,17977,2016,EWF088,,51.37,D,53.263167,-117.6555,42767.41667,W,50,Yellowhead County
417,17978,2016,EWF089,,35.51,C,53.08017,-117.23514,42769.41667,W,45,Yellowhead County
418,18019,2017,HWF023,,301.2,E,58.48315,-114.362033,42845,E,10,Mackenzie County
419,18032,2017,PWF044,,13.6,C,56.513283,-117.7015,42910.76736,SE,8,County of Northern Lights
420,18076,2017,HWF083,,18.3,C,58.723333,-118.746112,42876.39792,E,10,Mackenzie County
421,18087,2016,CWF232,,10.1,C,50.260367,-114.330783,42820.52083,SW,5,Kananaskis Improvement District
422,18093,2017,HWF029,,55.76,D,58.394667,-116.505417,42851.72917,SE,5,Mackenzie County
423,18094,2017,HWF030,,64,D,58.111517,-116.236767,42851.75694,SE,10,Mackenzie County
424,18122,2017,HWF230,,17.1,C,59.026167,-118.539,42954.58333,SE,17,Mackenzie County
425,18133,2017,HWF286,,10.7,C,58.748533,-119.015083,42995.54167,CLM,0,Mackenzie County
426,18189,2018,PWF022,,20.2,C,56.27875,-118.27195,43101.5,N,15,Clear Hills County
427,18193,2018,HWF104,,31.4,C,59.512222,-117.720278,43248.55486,SW,15,Mackenzie County
428,18198,2017,HWF196,Sandy Pines Fire ,350,E,58.1845,-116.7575,42942.63611,S,15,Mackenzie County
429,18215,2018,SWF029,,14.4,C,55.411633,-116.865367,43235.47639,W,8,Municipal District of Smoky River
430,18222,2018,HWF070,,56,D,58.51498,-116.35901,43232.64444,W,90,Mackenzie County
431,18232,2018,LWF099,Rock Island Complex,7283,E,55.492667,-113.165917,43241.54167,SW,10,Municipal District of Opportunity
432,18261,2018,HWF123,,14.5,C,58.892883,-116.640617,43272.79514,SE,5,Mackenzie County
433,18291,2018,SWF053,,36,C,56.477933,-115.643137,43248.70833,W,50,Northern Sunrise County
434,18293,2017,HWF192,,280,E,59.172483,-114.625617,42939.45556,NE,5,Mackenzie County
435,18295,2017,HWF242,,719,E,58.01015,-114.840883,42956.75,S,19,Mackenzie County
436,18325,2018,HWF142,,30,C,59.62485,-119.2815,43273.625,CLM,0,Mackenzie County
437,18333,2018,MWF051,,30.9,C,57.299517,-110.11705,43273.66667,SE,15,Wood Buffalo
438,18340,2017,HWF280,,13539,E,59.820917,-118.039767,42979.58472,W,8,Mackenzie County
439,18348,2018,MWF020,,34.6,C,56.474152,-110.314275,43247.66667,NW,20,Wood Buffalo
440,18388,2017,RWF068,,93,D,51.981767,-115.012117,42985.70833,SW,5,Clearwater County
441,18430,2018,LWF119,Rock Island Complex,4638.4,E,55.459333,-112.801317,43240.54167,SE,15,Municipal District of Opportunity
442,18431,2018,LWF121,Cowper Complex,189.4,D,55.815825,-110.742783,43243.66667,SE,5,Wood Buffalo
443,18443,2017,MWF057,,23.4,C,57.458227,-111.018637,42941.625,SW,10,Wood Buffalo
444,18459,2018,HWF128,,50.25,D,59.506167,-119.031567,43273.59931,NE,29,Mackenzie County
445,18461,2018,HWF129,,120.28,D,59.549167,-119.277667,43273.59653,NE,5,Mackenzie County
446,18474,2018,SWF088,,102.3,D,57.373323,-115.103983,43273.54167,S,10,Northern Sunrise County
447,18513,2018,RWF049,Skeleton Creek ,1084.4,E,51.85565,-115.704317,43307.10764,SW,11,Clearwater County
448,18514,2018,CWF116,,13.5,C,49.612633,-114.449667,43321.56181,NW,10,
449,18542,2018,PWF077, ,48.9,D,57.730175,-119.939947,43272.64583,W,15,County of Northern Lights
450,18545,2018,MWF066,,23.6,C,59.474067,-111.2247,43274.79167,SW,16,Wood Buffalo
451,18546,2018,LWF168,,21.2,C,56.138233,-110.133533,43275.56944,SW,20,Wood Buffalo
452,18552,2018,MWF073,,36.1,C,57.174292,-112.885703,43276.61458,SE,15,Municipal District of Opportunity
453,18553,2018,HWF161,,20.1,C,58.793888,-114.080557,43276.73403,E,10,Mackenzie County
454,18594,2018,EWF077,Quigley Creek,795.6,E,53.35965,-117.349633,43272.64583,W,20,Yellowhead County
455,18616,2018,PWF007,,11.3,C,57.85685,-117.609847,43226.75,NW,15,County of Northern Lights
456,18623,2018,MWF093,,27.2,C,57.176033,-112.145917,43316.625,SE,10,Wood Buffalo
457,18632,2018,LWF038,,11.3,C,55.023522,-113.305844,43217.97917,SW,15,Athabasca County
458,18662,2018,HWF081,,60,D,58.918183,-116.530083,43244.43542,SE,20,Mackenzie County
459,18664,2018,HWF107,,25.1,C,59.016683,-117.14235,43248.70764,NW,15,Mackenzie County
460,18709,2018,CWF013,,10.4,C,50.019083,-114.026831,43226.70139,SW,5,Municipal District of Ranchland No. 66
461,18719,2018,SWF125,,17.7,C,57.364808,-115.500167,43308.69792,SW,13,Northern Sunrise County
462,18721,2018,HWF215,,111,D,58.651467,-119.396683,43332.73542,SW,10,Mackenzie County
463,18734,2017,MWF081,,354.9,E,57.65545,-112.629733,42958.66667,SE,25,Wood Buffalo
464,18754,2018,PWF034,Lennard Creek,1168.19,E,57.4038,-119.9279,43242.60417,S,10,County of Northern Lights
465,18763,2017,MWF062,,11.2,C,57.28975,-112.694017,42944.66667,W,20,Wood Buffalo
466,18783,2017,HWF221,,4994,E,58.180117,-114.49135,42952.57986,NE,15,Mackenzie County
467,18784,2017,HWF222,,100,D,58.1945,-114.515,42952.58333,NE,15,Mackenzie County
468,18785,2017,HWF223,.,94,D,58.394667,-114.298333,42952.66667,S,10,Mackenzie County
469,18789,2017,SWF107,Muskrat Lake,17023,E,57.36025,-113.267667,42956.79167,S,20,Municipal District of Opportunity
470,18794,2018,HWF039,,19,C,58.721533,-118.699333,43227.75,S,5,Mackenzie County
471,18818,2018,SWF117,,58,D,56.9055,-115.3181,43308.64583,N,5,Northern Sunrise County
472,18823,2018,HWF212,,6728,E,59.15325,-114.068567,43326.375,SW,5,Mackenzie County
473,18832,2017,HWF195,,25.16,C,59.7356,-119.0226,42941.75903,SW,10,Mackenzie County
474,18841,2017,RWF065,,67,D,52.407233,-116.4433,42980.5,SW,25,Census Division No. 9
475,18860,2017,CWF258,Chimney Rock ,1535,E,50.085883,-114.2537,43033.41667,W,20,Municipal District of Ranchland No. 66
476,18886,2018,HWF180,,15.6,C,59.723733,-116.871133,43309.70833,SW,6,Mackenzie County
477,18890,2018,HWF182,,27.5,C,59.308612,-117.485557,43309.70139,W,10,Mackenzie County
478,18915,2018,SWF145,,27.2,C,56.841687,-113.49665,43317.61458,N,10,Municipal District of Opportunity
479,18983,2017,HWF246,,255,E,58.18299,-114.232952,42958.7375,SW,13,Mackenzie County
480,18993,2018,LWF116,Cowper Complex,1456.2,E,55.96805,-111.254467,43242.55556,SW,10,Wood Buffalo
481,18994,2018,LWF117,,23.8,C,55.956983,-112.49265,43242.625,SW,15,Lac La Biche County
482,19036,2018,SWF068,,22.7,C,56.739018,-116.002035,43273.53472,S,5,Northern Sunrise County
483,19057,2018,LWF108,,31,C,55.127926,-111.256156,43241.66667,N,10,Municipal District of Bonnyville
484,19078,2017,RWF062,Coral Creek,842,E,52.23025,-116.615167,42978.5,SW,20,Clearwater County
485,19079,2017,RWF063,Canary Mountain,628,E,51.995583,-116.143167,42978.54167,SW,15,Clearwater County
486,19084,2017,RWF078,,47.5,D,51.85165,-115.243933,43025.5,W,35,Clearwater County
487,19091,2018,HWF136,,32.5,C,59.580983,-119.229483,43273.58472,CLM,0,Mackenzie County
488,19093,2018,HWF137,,4374.9,E,59.5909,-119.2651,43273.62431,NW,10,Mackenzie County
489,19097,2018,LWF152,,12,C,56.152283,-110.83375,43273.625,SE,15,Wood Buffalo
490,19103,2018,SWF083,,32,C,56.891067,-113.2772,43273.66667,NE,7,Municipal District of Opportunity
491,19106,2018,LWF155,,28.3,C,56.004914,-110.531104,43273.6875,NE,2,Wood Buffalo
492,19163,2018,SWF094,Rabbit Lake,5026.8,E,56.960433,-113.099793,43274.65278,N,2,Municipal District of Opportunity
493,19174,2018,LWF169,,23.6,C,55.700505,-110.230258,43276.35417,SE,15,Wood Buffalo
494,19182,2018,LWF001,,14.6,C,55.926833,-110.735767,43211.58333,W,10,Wood Buffalo
495,19204,2018,PWF062,,14.2,C,56.885983,-116.619433,43273.53819,SW,20,Northern Sunrise County
496,19232,2017,MWF082,,28.3,C,57.1036,-111.996133,42960.625,SE,20,Wood Buffalo
497,19252,2018,HWF177,,3159.4,E,59.269083,-119.4795,43307.75,W,3,Mackenzie County
498,19275,2018,MWF053,,96.7,D,57.380367,-110.261233,43274.63542,SW,8,Wood Buffalo
499,19277,2018,MWF055,,56.4,D,57.295223,-110.60746,43274.66667,SE,7,Wood Buffalo
500,19279,2018,MWF057,,10,C,59.0723,-110.976633,43274.67361,NE,30,Wood Buffalo
501,19289,2018,HWF162,,331.4,E,58.0136,-114.221217,43277.375,W,4,Mackenzie County
502,19292,2017,HWF236,,44.8,D,57.9786,-114.886683,42956.66667,S,10,Mackenzie County
503,19313,2018,HWF050,,409.9,E,58.738517,-117.254667,43232.59028,NW,25,Mackenzie County
504,19315,2018,HWF054,,56,D,58.514983,-116.359017,43232.64444,W,90,Mackenzie County
505,19322,2018,SWF162,,12.5,C,56.16425,-113.402267,43391.72917,SE,20,Municipal District of Opportunity
506,19370,2018,PWF047,Lovet Creek,3992,E,57.035417,-118.153217,43244.62569,SW,35,County of Northern Lights
507,19372,2018,HWF173,,110,D,58.404083,-118.42305,43307.6875,E,5,Mackenzie County
508,19382,2017,CWF254,,99.5,D,49.631967,-114.56955,43025.625,W,50,
509,19386,2018,HWF077,,56,D,58.51498,-116.35901,43232.64444,W,15,Mackenzie County
510,19403,2017,HWF252,,1852,E,59.060983,-115.181917,42961.42083,S,10,Mackenzie County
511,19423,2017,HWF291,,1516.2,E,58.733633,-119.027517,43002.45833,SE,15,Mackenzie County
512,19450,2017,EWF072,,28.58,C,53.940383,-119.4693,42971.66667,W,17,Municipal District of Greenview
513,19458,2018,HWF029,,236.3,E,58.847633,-118.738033,43226.63264,W,16,Mackenzie County
514,19465,2018,SWF142,,15.3,C,56.242052,-114.838618,43315.64931,W,24,Municipal District of Opportunity
515,19466,2018,PWF097,,12.7,C,58.056583,-117.113133,43317.73958,N,15,County of Northern Lights
516,19476,2017,HWF247,,24.8,C,59.368467,-118.072317,42958.76597,SW,13,Mackenzie County
517,19496,2018,SWF147,,112.8,D,56.217333,-114.355833,43317.58333,N,13,Municipal District of Opportunity
518,19499,2017,MWF071,,487.2,E,57.8265,-111.647833,42950.58333,S,11,Wood Buffalo
519,19528,2017,HWF244, ,41.1,D,58.104983,-115.011017,42958.54167,S,10,Mackenzie County
520,19536,2018,HWF165,,2083.4,E,59.925967,-119.940917,43287.73681,SW,18,Mackenzie County
521,19538,2018,PWF088,,25.6,C,56.99234,-118.207545,43308.58333,SW,15,Clear Hills County
522,19557,2018,CWF015,,13,C,51.188,-114.7476,43229.0625,W,12,Municipal District of Bighorn
523,19624,2018,RWF045,Porcupine Fire,1670.9,E,51.879,-116.382,43308.75,N,2,Clearwater County
524,19638,2018,SWF007,,25.11,C,55.363888,-115.728787,43220.75,SW,18,Big Lakes County
525,19640,2018,LWF074,,42.9,D,54.382114,-111.319715,43232.58333,NW,20,Municipal District of Bonnyville
526,19672,2017,MWF065,,174.4,D,57.535917,-111.458995,42948.5,SW,10,Wood Buffalo
527,19675,2017,SWF090,,11,C,57.299635,-113.151352,42952.73958,SE,20,Municipal District of Opportunity
528,19718,2018,HWF221,,35,C,58.434667,-115.835583,43349.61806,W,30,Mackenzie County
529,19737,2018,SWF132,,66.5,D,57.217417,-113.093133,43313.59097,SW,15,Municipal District of Opportunity
530,19743,2018,MWF095,,608.13,E,59.715083,-110.712383,43329.66667,W,50,Wood Buffalo
531,19753,2017,HWF292,,448,E,58.690667,-119.084833,43003.33333,SW,15,Mackenzie County
532,19756,2018,CWF060,,12.5,C,51.194367,-114.516633,43243.625,E,8,
533,19757,2018,HWF083,Little Rapids,4114.7,E,58.86975,-116.517967,43244.47917,SW,17,Mackenzie County
534,19759,2018,HWF086,,225,E,59.390417,-115.924533,43244.33333,NE,8,Mackenzie County
535,19804,2018,HWF089,,17.6,C,57.826278,-115.119443,43244.6875,E,16,Mackenzie County
536,19855,2019,HWF149,,16.9,C,59.295333,-119.532167,43669,N,10,Mackenzie County
537,19856,2019,HWF150,,64.8,D,59.229333,-119.605667,43669.70764,N,10,Mackenzie County
538,19878,2019,SWF156,,17.18,C,56.890933,-113.08885,43665.5,NE,5,Municipal District of Opportunity
539,19908,2019,HWF127,,43.1,D,58.726917,-114.3315,43664,NW,5,Mackenzie County
540,19929,2019,LWF136,,14.4,C,55.403661,-111.346918,43668.25,S,7,Lac La Biche County
541,19982,2019,WWF032,,33.6,C,54.476617,-115.95916,43613.54167,W,15,Woodlands County
542,19988,2019,HWF171,,29.8,C,58.213579,-116.081499,43718.77083,SE,10,Mackenzie County
543,19999,2019,SWF050,McMillan Complex,1456.4,E,55.655167,-114.544067,43603.59097,SE,11,Municipal District of Lesser Slave River
544,20000,2019,SWF049,McMillan Complex,222837.2,E,55.716367,-114.40635,43603.59097,SE,35,Municipal District of Lesser Slave River
545,20024,2020,SWF013,,243.79,E,55.246944,-116.609589,43957.625,NW,27,Big Lakes County
546,20061,2020,HWF011,,74,D,58.467567,-114.460182,43963.70833,NW,10,Mackenzie County
547,20093,2019,PWF061,,26.1,C,56.544398,-119.167243,43601.77083,E,24,Clear Hills County
548,20094,2019,LWF099,,33.67,C,54.579395,-111.600208,43603.45833,SE,12,Lac La Biche County
549,20096,2019,SWF069,McMillan Complex,58578.9,E,56.402597,-114.363598,43611.72917,SW,10,Municipal District of Opportunity
550,20135,2020,LWF048,,12,C,55.911708,-110.737363,43957.91667,NE,10,Wood Buffalo
551,20149,2019,HWF123,,54.1,D,59.881651,-119.211773,43662,SE,10,Mackenzie County
552,20169,2019,SWF018,,234.2,E,55.26675,-116.736035,43580.70833,NW,20,Big Lakes County
553,20180,2019,SWF090,,215.7,E,56.565313,-114.256105,43618.61458,W,8,Municipal District of Opportunity
554,20197,2018,EWF121,Rainbow Creek,363.3,E,53.076067,-117.131367,43430.41667,SW,75,Yellowhead County
555,20224,2019,HWF041,,38.2,C,59.184945,-117.303374,43597.375,W,16,Mackenzie County
556,20251,2019,PWF054,Battle Complex,74.23,D,57.182698,-117.792933,43596.88542,NW,10,County of Northern Lights
557,20269,2020,HWF033,,19.1,C,58.9675,-118.02185,44009.76389,N,15,Mackenzie County
558,20311,2019,MWF068,MCX-002 / Bocquene,46.7,D,59.800467,-110.82185,43664.72778,SE,12,Wood Buffalo
559,20313,2020,MWF014,,254.2,E,59.064833,-110.731,44010.57917,NE,13,Wood Buffalo
560,20342,2020,HWF038,,16.1,C,59.3925,-116.434333,44039.65278,NW,5,Mackenzie County
561,20345,2020,MWF018,,11.65,C,58.622933,-110.1806,44040.84514,N,2,Wood Buffalo
562,20366,2019,HWF091,,27.6,C,58.4566,-114.39675,43636.05764,NW,10,Mackenzie County
563,20392,2019,MWF056,MCX-002 / Bocquene,672.6,E,59.348817,-111.083183,43663.68403,E,8,Wood Buffalo
564,20395,2019,HWF126,,40.5,D,59.258067,-118.974367,43664.60069,E,15,Mackenzie County
565,20398,2019,MWF063,MCX-002 / Bocquene,436.9,E,59.602517,-110.6879,43664.67917,W,20,Wood Buffalo
566,20419,2019,SWF093,,100.3,D,56.838545,-113.508547,43618.69722,W,15,Municipal District of Opportunity
567,20449,2019,EWF043,West Pembina Road,163.9,D,53.342012,-115.866485,43608.70833,W,7,Yellowhead County
568,20546,2019,HWF140,,214.3,E,57.701633,-114.865,43667,SW,15,Mackenzie County
569,20547,2019,HWF141,,12.6,C,58.166597,-114.823417,43667,S,4,Mackenzie County
570,20548,2019,MWF069,,17.26,C,56.946783,-112.813633,43665.55208,S,10,Municipal District of Opportunity
571,20552,2019,MWF071,,12.84,C,59.826867,-111.631317,43668.57917,CLM,0,Wood Buffalo
572,20554,2019,MWF073,,145.1,D,57.112933,-112.652183,43669.66042,S,10,Wood Buffalo
573,20586,2019,SWF102,,149.8,D,56.336673,-113.717212,43623.625,NW,15,Municipal District of Opportunity
574,20591,2019,HWF088,,188,D,58.846433,-117.5365,43634,S,12,Mackenzie County
575,20592,2019,HWF089,,12.1,C,58.880358,-117.346207,43634.54167,S,10,Mackenzie County
576,20621,2019,LWF007,,20.9,C,54.87193,-112.782324,43449.5,NE,8,Athabasca County
577,20644,2019,SWF114,,15.3,C,55.345367,-115.060617,43633.5,W,5,Municipal District of Lesser Slave River
578,20674,2019,PWF052,Battle-Battle Complex,55179,E,57.087417,-117.928833,43596.875,NW,10,County of Northern Lights
579,20689,2019,MWF051,MCX-001 / Old Fort,27729.3,E,58.647883,-110.31355,43663.65903,SE,15,Wood Buffalo
580,20690,2019,MWF052,MCX-001 / Old Fort,1598.3,E,58.787133,-110.145967,43663.65903,N,15,Wood Buffalo
581,20691,2019,MWF054,MCX-002 / Bocquene,6495.6,E,59.367667,-110.925533,43663.73194,NW,20,Wood Buffalo
582,20718,2019,HWF066,Jackpot Creek Fire,64659.1,E,59.606867,-117.434033,43612.7,SW,12,Mackenzie County
583,20726,2019,LWF123,Kettle River Fire,1547.4,E,56.102367,-111.1708,43632.54167,N,20,Wood Buffalo
584,20728,2019,MWF058,,14.7,C,57.75256,-110.892081,43664.5875,N,4,Wood Buffalo
585,20741,2019,MWF075,MXC-003 / Edra,224.9,E,57.88644,-112.957952,43669.76042,SE,10,Wood Buffalo
586,20742,2019,MWF076,MXC-003 / Edra,183.2,D,57.962867,-113.10585,43669.73611,SE,10,Wood Buffalo
587,20753,2019,HWF113,,156.3,D,58.081467,-118.640983,43662.375,W,10,Mackenzie County
588,20756,2019,HWF116,,10.5,C,58.468055,-118.474835,43662.375,CLM,0,Mackenzie County
589,20776,2019,HWF042,Chuckegg Creek Fire ,334772.6,E,58.287567,-117.279655,43597.55694,SE,43,Mackenzie County
590,20813,2019,PWF070,Haro Creek,174.1,D,57.85195,-118.341233,43611.58333,W,15,County of Northern Lights
591,20831,2019,HWF007,,225.5,E,58.452,-114.412033,43557.00069,NE,20,Mackenzie County
592,20833,2019,CWF018,,28.15,C,51.119483,-115.009972,43596,W,12,Municipal District of Bighorn
593,20838,2019,SWF078,McMillan Complex,113,D,56.350948,-113.974755,43614.79167,NW,10,Municipal District of Opportunity
594,20839,2019,SWF079,McMillan Complex,1001.3,E,56.291167,-113.9738,43614.79167,NW,10,Municipal District of Opportunity
595,20840,2019,HWF075,,18,C,57.667374,-114.785769,43625.62917,W,20,Mackenzie County
596,20885,2019,PWF099,,27,C,56.4548,-116.75687,43662.61806,SW,15,Northern Sunrise County
597,20894,2019,PWF048,,15.8,C,56.54443,-119.06309,43594.78125,N,20,Clear Hills County
598,20963,2019,LWF085,,21,C,54.478658,-111.254185,43597.52083,W,14,Municipal District of Bonnyville
599,20965,2019,LWF086,Waddell Fire,66.7,D,55.8441,-111.6238,43597.58333,W,30,Lac La Biche County
600,21074,2019,PWF066,,10.5,C,56.38718,-117.134565,43419.54167,SE,27,Northern Sunrise County
601,21075,2019,LWF107,,28.5,C,55.516383,-111.2018,43606.52083,N,9,Lac La Biche County
602,21086,2018,HWF245,,10,C,58.089217,-116.373367,43393.5,W,28,Mackenzie County
603,21093,2019,LWF087,,20.6,C,54.839398,-111.557851,43598.55208,NW,25,Lac La Biche County
604,21108,2018,HWF242,,184.3,D,58.294083,-115.167883,43394.41667,NW,7,Mackenzie County
605,21115,2019,MWF012,,10.6,C,57.28184,-111.386483,43604.52083,SE,22,Wood Buffalo
606,21123,2019,MWF055,MCX-002 / Bocquene,1038.5,E,59.397383,-110.960983,43663.68403,NW,20,Wood Buffalo
607,21125,2020,RWF021,,10,C,53.038319,-115.737221,43968.54722,E,6,Yellowhead County
608,21130,2019,WWF028,,20.3,C,54.105193,-116.150215,43606.45833,SE,15,Woodlands County
609,21148,2019,PWF038,,10,C,56.25105,-118.17575,43462.5,SW,15,Clear Hills County
610,21216,2019,EWF033,,23.1,C,53.537267,-116.789517,43604.68056,SE,15,Yellowhead County
611,21252,2019,HWF132,,728.8,E,58.927483,-115.559167,43665.63542,W,6,Mackenzie County
612,21254,2019,HWF133,,9143.8,E,58.86,-114.793333,43665.63472,W,6,Mackenzie County
613,21255,2019,HWF136,,17.5,C,59.559167,-116.422417,43666.66319,S,8,Mackenzie County
614,21385,2019,PWF076,,36.4,C,56.244733,-116.5677,43628.49306,SW,15,Northern Sunrise County
615,21391,2021,MWF014,,176.4,D,57.819267,-112.165917,44350.80347,W,10,Wood Buffalo
616,21396,2021,GWF020,,15.6,C,54.9069,-118.925167,44316.5625,E,16,Municipal District of Greenview
617,21398,2021,SWF015,,18.9,C,55.22099,-116.566658,44316.60417,W,30,Big Lakes County
618,21410,2021,MWF060,MCX-002-2021/Muskeg Complex,90.4,D,57.429287,-110.972136,44387.75625,E,15,Wood Buffalo
619,21411,2021,MWF061,MCX-001-2021/Martin Complex,11.3,C,57.073248,-112.765875,44387.73194,SW,5,Municipal District of Opportunity
620,21412,2021,HWF060, ,23,C,59.898096,-115.84375,44388.125,E,10,Mackenzie County
621,21415,2021,MWF065,MCX-001-2021/Martin Complex,79.1,D,57.039167,-113.037833,44387.79167,W,20,Municipal District of Opportunity
622,21421,2021,MWF069,MCX-001-2021/Martin Complex,32.8,C,56.782302,-112.788616,44387.79375,CLM,0,Municipal District of Opportunity
623,21424,2021,MWF071,MCX-001-2021/Martin Complex,10.4,C,57.119889,-112.3998,44387.77153,CLM,0,Wood Buffalo
624,21444,2020,CWF207,,18.5,C,51.20531,-114.75286,44115.625,W,22,Municipal District of Bighorn
625,21459,2021,HWF025,,38.6,C,58.48321,-114.497677,44338.45833,S,6,Mackenzie County
626,21471,2021,LWF154,,125,D,55.9987,-110.9244,44389.64583,W,6,Wood Buffalo
627,21473,2021,MWF079,,3948,E,57.42035,-110.35745,44387.82847,SE,5,Wood Buffalo
628,21617,2021,MWF025,,1536.1,E,57.802733,-113.388867,44375.47847,SW,5,Wood Buffalo
629,21624,2021,RWF053,,12.5,C,52.74865,-114.558533,44377.625,SE,15,Ponoka County
630,21679,2021,MWF030,,12.7,C,56.401459,-111.46276,44379.66667,E,11,Wood Buffalo
631,21689,2021,EWF093,,43.5,D,53.393731,-115.370422,44379.21458,NW,8,Yellowhead County
632,21723,2021,MWF054,,17.46,C,56.561525,-112.122215,44387.74375,W,6,Wood Buffalo
633,21754,2020,GWF044,,21.9,C,54.997133,-116.88645,44107.60764,SW,10,Municipal District of Greenview
634,21759,2021,SWF097,,19.5,C,56.803667,-114.599667,44389.54514,NW,7,Municipal District of Opportunity
635,21760,2021,SWF098,,11.38,C,56.330537,-113.892033,44387.6875,NW,8,Municipal District of Opportunity
636,21764,2021,HWF059,,2728,E,58.88675,-114.9492,44385.54097,SW,15,Mackenzie County
637,21799,2021,MWF042,,28011.4,E,57.564867,-110.303767,44385.66458,N,10,Wood Buffalo
638,21826,2021,LWF043,,119.9,D,54.547883,-111.501183,44316.5,NW,25,Lac La Biche County
639,21828,2021,GWF024,,25.8,C,54.733267,-117.139317,44318.83333,SW,8,Municipal District of Greenview
640,21834,2021,MWF044,MCX-002-2021/Muskeg Complex,47.7,D,57.148117,-110.661067,44379.75,SE,10,Wood Buffalo
641,21836,2021,SWF083,,42.7,D,56.087333,-113.565167,44387.64583,E,15,Municipal District of Opportunity
642,21842,2021,MWF057,MCX-002-2021/Muskeg Complex,45.6,D,57.113355,-111.148191,44387.76042,E,15,Wood Buffalo
643,21843,2021,MWF058,MCX-002-2021/Muskeg Complex,28.3,C,56.970308,-111.1581,44387.77153,W,25,Wood Buffalo
644,21853,2021,MWF068,,14.3,C,56.7125,-112.226817,44388.53819,SW,20,Wood Buffalo
645,21870,2021,EWF028,,29.6,C,53.752683,-116.657933,44302.5625,SE,3,Yellowhead County
646,21879,2021,MWF023,,107.5,D,56.67165,-110.587017,44375.58125,SE,7,Wood Buffalo
647,21899,2021,SWF099,MCX-001-2021/Martin Complex,5960,E,57.151889,-113.221668,44387.79028,W,25,Municipal District of Opportunity
648,21900,2021,SWF100,,13,C,56.874455,-113.509623,44387.58333,E,15,Municipal District of Opportunity
649,21905,2021,MWF077,MCX-002-2021/Muskeg Complex,29.43,C,57.204195,-110.654433,44387.81736,SW,3,Wood Buffalo
650,21907,2021,GWF070,,51.8,D,54.554533,-119.233667,44390.63889,W,5,Municipal District of Greenview
651,21908,2021,MWF078,,1274.9,E,57.515424,-110.829576,44388.65069,SE,5,Wood Buffalo
652,21930,2021,LWF129,,372,E,55.720233,-110.439217,44379.625,NW,20,Wood Buffalo
653,21938,2021,SWF046,,57.57,D,56.546167,-115.097,44352.73194,W,15,Municipal District of Opportunity
654,22024,2021,MWF082,,471.7,E,57.506667,-113.605,44387.74583,W,14,Wood Buffalo
655,22032,2021,MWF083,,328,E,56.534444,-112.563975,44388.72778,S,17,Wood Buffalo
656,22038,2021,SWF114,,85.3,D,55.63335,-113.9934,44391.75,NW,10,Municipal District of Lesser Slave River
657,22040,2021,LWF164,,150,D,56.129067,-111.210133,44392.66667,SW,12,Wood Buffalo
658,22057,2021,MWF043,,34.3,C,57.567883,-110.926867,44385.79167,W,10,Wood Buffalo
659,22100,2021,EWF036,Cold Creek Fire,479.3,E,53.414,-115.785417,44316.45833,W,10,Yellowhead County
660,22113,2021,EWF038,,11.3,C,53.610817,-115.6723,44322.77778,SE,10,Yellowhead County
661,22116,2021,MWF040,,500,E,57.58725,-110.412733,44381.77083,SW,15,Wood Buffalo
662,22129,2021,MWF059,MCX-002-2021/Muskeg Complex,4138.7,E,57.0999,-110.594483,44387.78264,W,6,Wood Buffalo
663,22161,2021,MWF067,MCX-001-2021/Martin Complex,665.3,E,57.153667,-112.768,44387.73681,W,20,Municipal District of Opportunity
664,22165,2021,LWF152,,86.4,D,55.651867,-112.18075,44389.58333,W,14,Lac La Biche County
665,22173,2021,RWF070,Wildhorse Creek Complex,155,D,51.705633,-115.343833,44400.68889,SE,30,Census Division No. 9
666,22272,2021,HWF065,,21.5,C,58.920099,-119.542468,44411.84028,NE,3,Mackenzie County
667,22282,2021,PWF049,,81,D,57.1023,-119.862917,44412.64583,SW,15,Clear Hills County
668,22299,2021,HWF063,,18.9,C,59.216957,-116.163392,44410.66667,SE,5,Mackenzie County
669,22316,2021,RWF071,Wildhorse Creek Complex,66,D,51.712972,-115.379413,44400.72917,SE,30,Clearwater County
670,22331,2021,LWF184,,499.5,E,55.678433,-112.2258,44204.5,SW,19,Lac La Biche County
671,22384,2021,PWF048,,142.2,D,57.12115,-118.816383,44410.95833,W,10,Clear Hills County
672,22406,2021,CWF009,,18.4,C,49.976783,-114.0349,44289.54167,SW,25,Municipal District of Ranchland No. 66
673,22436,2021,LWF086,,10.2,C,55.942183,-110.735678,44342.625,SE,20,Wood Buffalo
674,22463,2021,LWF056,,11.1,C,54.654617,-113.937583,44322.59722,SE,23,Municipal District of Lesser Slave River
675,22477,2021,WWF027,,16.03,C,54.321865,-115.525352,44343.38056,SW,3,Woodlands County
676,22573,2020,CWF156,Devil's Head Fire,2420,E,51.3213,-115.28371,44078.58333,W,10,Municipal District of Bighorn
677,22589,2021,EWF075,,175,D,53.631667,-115.141,44369.64583,NW,20,Yellowhead County
678,22619,2021,LWF031,,11.4,C,54.56605,-111.20905,44310.73056,NW,20,Municipal District of Bonnyville
679,22623,2021,HWF051, ,13,C,59.293714,-119.930297,44375.37292,SE,8,Mackenzie County
680,22625,2021,HWF054,,27.8,C,59.657522,-119.581873,44375.37986,SE,11,Mackenzie County
681,22665,2021,RWF019,,47.4,D,52.943363,-115.897143,44312.58333,SE,4,Yellowhead County
682,22705,2022,HWF013,,8300,E,59.71005,-119.76675,44713.41667,N,24,Mackenzie County
683,22707,2022,HWF023,,13.5,C,57.422767,-116.152517,44720.71181,SE,20,Mackenzie County
684,22717,2022,HWF012,,20,C,59.879667,-117.507567,44712.59097,N,10,Mackenzie County
685,22732,2022,LWF034,,18.3,C,55.904033,-110.731517,44677.94792,E,5,Wood Buffalo
686,22733,2022,LWF038,,34.4,C,55.933055,-110.73769,44678.39583,SE,16,Wood Buffalo
687,22763,2022,WWF009,,18.4,C,54.377197,-115.339912,44693.625,SW,20,Woodlands County
688,22823,2022,HWF096,,2303.9,E,58.8811,-114.997833,44819.5,NW,15,Mackenzie County
689,22829,2022,HWF117,,12,C,58.463203,-114.463794,44857.5,NE,10,Mackenzie County
690,22893,2022,WWF087,,18.1,C,54.259183,-116.242318,44799.43611,W,15,Woodlands County
691,22928,2022,MWF011,,32,C,56.849617,-112.55925,44721.62431,SE,5,Wood Buffalo
692,22932,2022,MWF018,,2942.3,E,59.641017,-111.325233,44725.58333,N,20,Wood Buffalo
693,22953,2022,HWF102,,13.9,C,58.690033,-116.73505,44837.375,SE,10,Mackenzie County
694,23004,2022,GWF084,,22.3,C,55.344242,-117.715592,44844.48611,SE,5,Municipal District of Greenview
695,23009,2022,MWF109,,25,C,59.5555,-110.380933,44797.74861,CLM,0,Wood Buffalo
696,23018,2022,PWF116,,16.47,C,56.600783,-117.287445,44841.5,W,24,County of Northern Lights
697,23019,2022,HWF107,,288,E,58.6548,-118.715383,44845.39375,NW,25,Mackenzie County
698,23028,2022,MWF035,,70,D,57.381767,-110.167267,44745.66667,SE,6,Wood Buffalo
699,23033,2022,HWF053,,366,E,59.40055,-115.561583,44752.45833,NW,5,Mackenzie County
700,23073,2022,PWF117,,33.6,C,56.621133,-117.327083,44593.5,SW,10,County of Northern Lights
701,23075,2022,HWF108,,10.5,C,58.580733,-114.5079,44846.33333,NW,15,Mackenzie County
702,23090,2022,RWF075,,35,C,52.171667,-116.3025,44853.5,CLM,0,Clearwater County
703,23093,2022,LWF110,Black Pearl Fire,1275,E,55.684767,-112.672317,44756.58333,SE,30,Lac La Biche County
704,23104,2022,MWF052,,151.13,D,57.5685,-111.758333,44758.76944,SW,3,Wood Buffalo
705,23107,2022,SWF080,,22.6,C,57.094188,-115.149768,44758.77639,W,10,Northern Sunrise County
706,23113,2022,HWF014,,386,E,59.971333,-119.9997,44713.5,N,10,Mackenzie County
707,23180,2022,LWF007,,21.6,C,55.990967,-110.62355,44671.58333,NW,20,Wood Buffalo
708,23181,2022,SWF012,,22.2,C,55.34853,-114.735712,44673.45972,SE,37,Municipal District of Lesser Slave River
709,23226,2022,MWF087,Kazan Complex,400,E,59.201645,-110.552017,44793.16111,W,10,Wood Buffalo
710,23227,2022,MWF088,Kazan Complex,53.2,D,59.434333,-111.003,44792.92778,CLM,0,Wood Buffalo
711,23244,2022,MWF085,Kazan Complex,11,C,59.367847,-111.162254,44792.93542,SE,7,Wood Buffalo
712,23245,2022,MWF086,Kazan Complex,1264.7,E,59.4787,-111.322767,44792.91528,SW,22,Wood Buffalo
713,23254,2022,SWF124,,81.4,D,57.220233,-115.92125,44786.67569,SW,5,Northern Sunrise County
714,23272,2022,MWF091,Kazan Complex,148,D,59.670117,-110.70995,44793.01944,W,10,Wood Buffalo
715,23282,2022,MWF094,Kazan Complex,30.9,C,59.551483,-111.135233,44797.73472,SW,10,Wood Buffalo
716,23296,2021,HWF087, ,18.8,C,58.460801,-114.443502,44481.625,SE,13,Mackenzie County
717,23305,2022,MWF092,Kazan Complex,357.5,E,59.674933,-111.079867,44793,W,10,Wood Buffalo
718,23332,2022,HWF088,,15,C,57.735083,-114.459033,44798.70833,CLM,0,Mackenzie County
719,23351,2022,HWF083,,11,C,58.2474,-116.096266,44797.70833,W,5,Mackenzie County
720,23353,2022,HWF086,,11.6,C,59.651667,-117.556167,44798.52083,W,9,Mackenzie County
721,23354,2022,LWF162,,27.8,C,55.507011,-110.270219,44798.5,SW,10,Municipal District of Bonnyville
722,23365,2022,MWF099,,76,D,57.688767,-112.099683,44799.69444,W,24,Wood Buffalo
723,23372,2022,MWF104,,10.99,C,56.412633,-112.99805,44799.74792,SW,10,Municipal District of Opportunity
724,23393,2022,SWF138,,11.2,C,57.339583,-113.040483,44799.70764,W,1,Wood Buffalo
725,23465,2022,MWF028,,198.5,D,56.695488,-110.024469,44737.5125,CLM,0,Wood Buffalo
726,23470,2022,MWF032,,6585.2,E,56.451883,-110.07845,44738.54097,W,9,Wood Buffalo
727,23472,2022,HWF043,,6604.4,E,59.86815,-118.298637,44739.59653,W,5,Mackenzie County
728,23475,2022,MWF034,Kazan Complex,1301.6,E,59.5952,-110.8377,44742.68333,NW,12,Wood Buffalo
729,23491,2022,LWF023, ,20.3,C,56.034928,-110.605213,44674.75,SE,13,Wood Buffalo
730,23492,2022,SWF011,,136.3,D,55.254617,-115.26105,44675.59722,SE,20,Big Lakes County
731,23516,2022,HWF048,,10,C,58.713767,-119.322717,44748.67361,S,10,Mackenzie County
732,23529,2022,WWF038,,70.73,D,54.462022,-116.310803,44757.94236,W,10,Municipal District of Greenview
733,23535,2022,LWF117,,14.5,C,56.069217,-110.705883,44759.60278,SW,10,Wood Buffalo
734,23536,2022,LWF118,,452,E,56.041133,-110.318967,44760.62153,SW,20,Wood Buffalo
735,23560,2022,HWF029,,117,D,59.221783,-114.531267,44723.47569,S,15,Mackenzie County
736,23563,2022,MWF015,Kazan Complex,4057.9,E,59.817133,-111.118583,44724.66667,S,10,Wood Buffalo
737,23564,2022,LWF099,,207.4,E,56.163217,-110.65525,44725.53125,SE,6,Wood Buffalo
738,23594,2022,HWF050,,114,D,59.978167,-117.746833,44748.77778,S,7,Mackenzie County
739,23603,2022,MWF022,Kazan Complex,33207.1,E,59.418367,-110.812683,44725.66667,W,20,Wood Buffalo
740,23605,2022,MWF025,,1554,E,56.682867,-110.714433,44725.77153,SE,11,Wood Buffalo
741,23609,2022,MWF031,Kazan Complex,40417.71,E,59.031033,-111.156367,44737.76458,SW,22,Wood Buffalo
742,23614,2022,MWF033,Kazan Complex,2010.8,E,59.768217,-111.047133,44742.54306,NW,12,Wood Buffalo
743,23622,2022,GWF032,,76.1,D,54.338267,-117.73445,44770.29167,W,3,Municipal District of Greenview
744,23692,2022,HWF055,,143.9,D,59.183,-117.116667,44754.625,SW,17,Mackenzie County
745,23715,2022,SWF101,,30.9,C,55.762027,-115.030385,44774.66944,NE,10,Northern Sunrise County
746,23731,2022,MWF076,,60,D,57.297283,-110.617733,44777.58194,SW,7,Wood Buffalo
747,23734,2022,MWF077,Kazan Complex,1040,E,59.223283,-110.579683,44793.15764,N,19,Wood Buffalo
748,23738,2022,HWF078,,85.5,D,59.932667,-116.658183,44793.625,N,15,Mackenzie County
749,23751,2022,SWF078,Duck Lake Fire,1336.9,E,57.175183,-113.100917,44758.8,W,14,Municipal District of Opportunity
750,23752,2022,SWF079,Scooter Lake Complex,11.2,C,56.791302,-113.307457,44758.63819,SW,13,Municipal District of Opportunity
751,23755,2022,MWF055,,155,D,57.270786,-110.115172,44760.69583,SE,6,Wood Buffalo
752,23765,2022,HWF075,,55,D,59.385667,-115.5218,44788.65139,SW,4,Mackenzie County
753,23775,2022,SWF110,,17.7,C,55.868122,-116.49366,44793.64931,N,15,Big Lakes County
754,23776,2022,SWF111,,12.9,C,55.856533,-116.502533,44793.67361,N,15,Big Lakes County
755,23778,2022,HWF073,,78,D,57.844552,-114.534084,44778.5,NW,20,Mackenzie County
756,23785,2022,RWF038,Black Mountain Fire,480.41,E,52.45577,-116.29365,44761.5,N,15,Clearwater County
757,23793,2022,MWF080,Kazan Complex,1969.8,E,59.32135,-110.984167,44792.95764,SW,20,Wood Buffalo
758,23794,2022,HWF079,,15,C,59.681696,-117.170373,44793.5,N,15,Mackenzie County
759,23798,2022,MWF081,Kazan Complex,95.68,D,59.459533,-111.039733,44792.91944,SW,22,Wood Buffalo
760,23801,2022,MWF082,Kazan Complex,344.9,E,59.428072,-111.092309,44792.93333,SE,7,Wood Buffalo
761,23812,2022,MWF084,Kazan Complex,14,C,59.331233,-111.215083,44792.92708,NW,10,Wood Buffalo
762,23813,2022,SWF116,,16.9,C,55.502002,-114.564415,44793.75972,W,10,Municipal District of Lesser Slave River
763,23844,2022,MWF074,Kazan Complex,4354.4,E,59.874367,-110.29775,44789.73056,SW,22,Wood Buffalo
764,23845,2022,MWF075,,26.79,C,58.00845,-113.913233,44787.67431,SW,8,Wood Buffalo
765,23850,2022,HWF069,,11,C,58.94705,-117.207667,44767.625,NW,20,Mackenzie County
766,23865,2022,HWF076,,11.4,C,58.529925,-116.32593,44788.625,S,26,Mackenzie County
767,23875,2022,LWF036,,50,D,55.951204,-110.739477,44678.125,E,15,Wood Buffalo
768,23876,2022,LWF037,,20,C,55.918967,-110.753133,44677.95833,SE,14,Wood Buffalo
769,23973,2021,SWF157,,26,C,56.57326,-115.277585,44463.6375,SW,25,Municipal District of Opportunity
770,24019,2021,LWF204,,32,C,54.710033,-110.156217,44473.33333,SW,5,Municipal District of Bonnyville
771,24068,2022,HWF017,,29,C,59.264,-119.625,44713.66667,SE,10,Mackenzie County
772,24095,2022,SWF035,,262.5,E,56.900583,-113.989017,44716.625,SE,15,Municipal District of Opportunity
773,24106,2022,MWF046,,790,E,57.563167,-111.439333,44755.81875,S,20,Wood Buffalo
774,24108,2021,CWF170,,37,C,50.176728,-114.230645,44530.96528,,,Municipal District of Ranchland No. 66
775,24110,2022,EWF001,,13,C,53.121467,-117.365833,44599.20486,NE,20,Yellowhead County
776,24117,2022,HWF015,Shekilie River,3000,E,59.292783,-118.997117,44713.63542,SE,12,Mackenzie County
777,24121,2022,RWF034,,12.7,C,52.5137,-114.98555,44715.5,SE,15,Census Division No. 9
778,24143,2022,HWF022,,36.2,C,59.961117,-119.973667,44720.6875,E,5,Mackenzie County
779,24207,2023,SWF093,,22.6,C,56.673083,-115.94005,45082.50486,W,19,Northern Sunrise County
780,24214,2023,SWF081,Carrot Lake Fire,33138,E,56.990917,-113.459433,45050.61806,W,25,Municipal District of Opportunity
781,24217,2023,MWF022,,1552,E,57.7063,-113.125317,45073.76319,SE,11,Wood Buffalo
782,24232,2023,RWF031,,80,D,52.353495,-115.896247,45050.66667,S,15,Census Division No. 9
783,24233,2023,RWF032,,15000,E,52.905417,-115.695967,45050.65278,NE,4,Yellowhead County
784,24246,2023,MWF021,,14753,E,57.693917,-113.29625,45073.75903,S,16,Wood Buffalo
785,24260,2023,SWF059,Nipisi Complex,1036,E,56.054333,-115.008333,45050.63889,E,15,Northern Sunrise County
786,24267,2023,PWF038,Carmon Creek,6129.8,E,56.386752,-116.809335,45051.91667,SE,13,Northern Sunrise County
787,24275,2023,MWF025,,105251,E,58.86705,-111.145817,45074.3875,W,13,Wood Buffalo
788,24279,2023,HWF109,,45061,E,59.453166,-114.158713,45109.72917,SW,5,Mackenzie County
789,24281,2023,HWF111,,113.2,D,59.371857,-114.425733,45111.66667,SW,5,Mackenzie County
790,24284,2023,SWF095,Grizzly Complex,8500,E,54.86785,-116.6625,45084.69653,,,Big Lakes County
791,24309,2023,PWF091,,179.1,D,56.716787,-118.503098,45115.625,W,10,Clear Hills County
792,24310,2023,PWF093,Levellers Creek ,27174.4,E,57.981817,-119.972633,45108.5,CLM,0,County of Northern Lights
793,24315,2023,PWF034,Lunds Lake,454.4,E,56.545183,-119.4788,44927.5,SE,25,Clear Hills County
794,24317,2023,PWF036,,21.15,C,56.534025,-118.847392,44927.5,SE,25,Clear Hills County
795,24318,2023,GWF022,,15.4,C,54.840422,-118.95621,45052.55556,SE,10,Municipal District of Greenview
796,24324,2023,EWF031,Pembina Complex,201913,E,53.145183,-115.686783,45050.52778,SE,7,Yellowhead County
797,24325,2023,MWF024,Richardson Complex,28504,E,57.712283,-110.6469,45074.09444,SW,15,Wood Buffalo
798,24326,2023,MWF023,,59444,E,57.976283,-113.214917,45053.81736,S,7,Wood Buffalo
799,24327,2023,MWF026,Richardson Complex,1703,E,57.882533,-111.054033,45074.07569,SW,24,Wood Buffalo
800,24328,2023,LWF138,Dillon River Fire,4800,E,55.628167,-110.361883,45075.625,S,10,Wood Buffalo
801,24333,2023,GWF038,Boone Complex,7148,E,55.655002,-119.485325,45083.54653,W,15,Saddle Hills County
802,24341,2023,SWF057,Grizzly Complex,16728,E,55.034283,-115.14815,45049.87639,SE,3,Big Lakes County
803,24345,2023,LWF038,,56.7,D,55.904833,-110.765883,45039.35417,W,26,Wood Buffalo
804,24347,2023,LWF040,,150,D,55.94405,-110.735717,45039.63542,SE,20,Wood Buffalo
805,24356,2023,SWF058,Grizzly Complex,1500,E,54.893733,-115.664967,45049.49028,SE,20,Big Lakes County
806,24357,2023,EWF035,Deep Creek Complex,19672,E,53.836833,-115.783333,45051.52083,SE,12,Woodlands County
807,24380,2023,HWF134,,15.4,C,58.991833,-119.22655,45123.54167,SW,11,Mackenzie County
808,24381,2023,HWF135,,476.9,E,57.644173,-114.131117,45123.625,CLM,0,Mackenzie County
809,24382,2023,PWF105, ,16.66,C,57.71045,-118.723378,45121.91667,E,15,County of Northern Lights
810,24395,2023,LWF163,,137.8,D,54.746333,-110.115833,45106,SW,13,Municipal District of Bonnyville
811,24396,2023,PWF067,Smeaton- Basset Complex HCX002,5243,E,57.647957,-117.89074,45101.64583,NW,10,County of Northern Lights
812,24406,2023,RWF007, ,16,C,53.263043,-115.149744,45034.50347,E,4,Brazeau County
813,24416,2023,LWF084,,153,D,54.622383,-111.8293,45049.88542,SE,20,Lac La Biche County
814,24425,2023,SWF003,,15.3,C,55.344658,-115.780175,45031.63542,E,15,Big Lakes County
815,24427,2023,MWF049,,90,D,59.91415,-110.114417,45112.56597,E,10,Wood Buffalo
816,24441,2023,EWF037,Wildhay Complex,578,E,53.91005,-117.55905,45049.82153,S,9,Yellowhead County
817,24442,2023,EWF040,Wildhay Complex,12073.4,E,53.935583,-117.776167,45049.79861,S,9,Yellowhead County
818,24454,2023,PWF120,,200,D,57.23575,-116.358767,45130.5,W,15,Northern Sunrise County
819,24455,2023,HWF142,,14.2,C,57.849372,-116.059056,45130.625,N,7,Mackenzie County
820,24462,2023,SWF083,,42.5,D,56.119858,-114.550332,45054.88333,SW,6,Municipal District of Opportunity
821,24463,2023,GWF023,Sturgeon Lake Complex,3851,E,55.157413,-117.330653,45052.625,SW,20,Municipal District of Greenview
822,24468,2023,HWF056,,33.4,C,59.841083,-118.7053,45081.63889,E,7,Mackenzie County
823,24477,2023,SWF068,Kimiwan,143039,E,55.877833,-116.407667,45050.97917,SE,11,Big Lakes County
824,24481,2023,GWF017,Sturgeon Lake Complex,5478.53,E,55.053025,-117.43991,45051.4375,SW,20,Municipal District of Greenview
825,24482,2023,GWF018,Cecil,49327.7,E,56.281817,-119.161633,45051.51042,SE,20,Saddle Hills County
826,24501,2023,SWF060,Nipisi Complex,43981,E,55.956383,-115.056367,45050.63819,E,15,Northern Sunrise County
827,24505,2023,GWF014,,15.23,C,55.865915,-119.286613,45046.625,E,10,Saddle Hills County
828,24539,2023,LWF148,Pony Creek Fire,2317,E,55.935333,-111.104617,45084.625,NE,6,Wood Buffalo
829,24554,2023,EWF015,,46.57,D,53.68275,-115.947623,45045.57292,E,12,Yellowhead County
830,24566,2023,RWF027,Brazeau,13100,E,52.82095,-115.908167,45049.78681,SE,7,Clearwater County
831,24579,2023,HWF130,,5555,E,59.466167,-119.9507,45120.58333,N,20,Mackenzie County
832,24587,2023,WWF015,,47.98,D,54.093682,-115.321182,45045.69444,SE,25,Woodlands County
833,24588,2023,RWF034,O'Chiese,87492,E,52.815117,-115.450383,45050.69097,NE,4,Census Division No. 9
834,24590,2023,WWF023,Eagle Fire,66436.7,E,54.388929,-116.371578,45049.925,SE,30,Municipal District of Greenview
835,24629,2023,SWF087,Saulteaux Complex,1036,E,55.226583,-114.2757,45062.81111,CLM,0,Municipal District of Lesser Slave River
836,24635,2023,HWF112,Wentzel Fire,57412,E,59.225,-114.4041,45109.72917,SW,5,Mackenzie County
837,24668,2023,HWF158,,54.1,D,59.6485,-119.702783,45182.75,NW,10,Mackenzie County
838,24697,2023,EWF076,,71.6,D,52.997533,-116.422117,45130.73889,SE,4,Yellowhead County
839,24705,2023,GWF027,Crooked Lake,54988.4,E,54.520083,-117.356783,45059.50556,E,12,Municipal District of Greenview
840,24715,2023,HWF078,,18.9,C,57.4369,-115.1395,45101.41667,CLM,0,Mackenzie County
841,24735,2023,HWF087,Owl Creek Complex,12508,E,58.158117,-114.182933,45107.67917,NE,25,Mackenzie County
842,24742,2023,SWF116,,10670,E,57.1762,-113.801217,45112.66944,W,10,Municipal District of Opportunity
843,24751,2023,SWF085,Saulteaux Complex ,39.4,C,55.225233,-114.2428,45062.81111,NW,10,Municipal District of Lesser Slave River
844,24752,2023,SWF086,Saulteaux Complex,4742,E,55.179817,-114.115967,45062.8125,NW,15,Municipal District of Lesser Slave River
845,24759,2023,PWF008,,26.22,C,56.474883,-117.294717,44927.5,SE,25,County of Northern Lights
846,24796,2023,PWF017,,16.2,C,56.562883,-119.08275,45041.5,SE,8,Clear Hills County
847,24802,2023,PWF103,,96.4,D,57.026,-118.363,45122.78472,E,15,Clear Hills County
848,24812,2023,MWF050,,59.9,D,57.117688,-112.978332,45112.70833,N,10,Municipal District of Opportunity
849,24813,2023,HWF121,,3173.2,E,59.054108,-114.359425,45113.5625,NW,12,Mackenzie County
850,24838,2023,HWF058,Basset Fire,234061,E,58.16715,-118.41965,45081.74306,SW,10,Mackenzie County
851,24855,2023,HWF030,Paskwa Fire,96582.2,E,58.468,-114.483875,45048.61111,SW,3,Mackenzie County
852,24858,2023,HWF079,Hoohey Creek Fire,42579,E,59.860083,-115.8038,45102.63472,,,Mackenzie County
853,24859,2023,HWF083,Owl Creek Complex,13700,E,57.79945,-114.7748,45107.58333,W,20,Mackenzie County
854,24871,2023,HWF066,,11.3,C,57.4107,-115.221217,45088.60417,W,27,Mackenzie County
855,24877,2023,GWF066,,12.21,C,55.6375,-119.839667,45186.41667,SW,40,Saddle Hills County
856,24899,2023,RWF040,Blackstone,5089,E,52.808677,-116.203747,45051.58264,SE,19,Clearwater County
857,24903,2023,GWF006,,53.2,D,55.09565,-116.933533,44880.58333,SE,30,Municipal District of Greenview
858,24941,2023,SWF053,Grizzly Complex,58.5,D,55.093,-115.974833,44941.5,W,15,Big Lakes County
859,24963,2023,WWF002,,35,C,54.428527,-114.725355,44972.33333,W,12,Woodlands County
860,24967,2023,GWF020,,21.2,C,55.074133,-117.883083,45051.54167,E,20,Municipal District of Greenview
861,24968,2023,GWF019,,18884,E,54.735667,-119.032783,45051.56944,SE,26,Municipal District of Greenview
862,24970,2023,GWF041,,22.73,C,55.909305,-119.334747,45081.08333,N,10,Saddle Hills County
863,24974,2023,HWF116,,48.3,D,58.558117,-116.66195,45113.47917,NE,15,Mackenzie County
864,24978,2023,SWF063,Grizzly Complex,123670,E,54.95775,-115.681083,45049.98542,S,8,Big Lakes County
865,24980,2023,SWF064,Grizzly Complex,40606,E,54.896,-116.100217,45049.95486,SE,20,Big Lakes County
866,24991,2023,HWF034,,15,C,58.4676,-114.4811,45049.4375,S,2,Mackenzie County
867,24995,2023,HWF064,Beach Road Fire,6175,E,59.283833,-119.0668,45086.64236,SE,2,Mackenzie County
868,24998,2023,MWF055,,1653.9,E,59.287383,-110.89775,45130.88403,SE,4,Wood Buffalo
869,25000,2023,HWF159,,12059.99,E,59.684617,-119.684367,45188.6125,NW,10,Mackenzie County
870,25012,2023,HWF075,Waldo Fire,13,C,58.67455,-114.320817,45100.45833,SW,3,Mackenzie County
871,25044,2023,SWF103,,40.5,D,56.803567,-115.08695,45068.27431,N,10,Northern Sunrise County
872,25048,2023,PWF149,,52.76,D,57.563068,-117.179618,45231,N,8,County of Northern Lights
873,25051,2023,HWF133,,54.8,D,59.76,-119.913,45120.60417,E,11,Mackenzie County
874,25062,2023,SWF016,,30.4,C,55.935917,-113.82705,45037.88542,SE,5,Municipal District of Opportunity
875,25066,2023,HWF039,,22.5,C,58.70753,-118.670469,45050.62083,W,10,Mackenzie County
876,25067,2023,GWF035,Boone Complex,872,E,55.583557,-119.404602,45081.5,SE,25,Saddle Hills County
877,25071,2023,HWF036,Long Lake Complex,203022,E,58.4906,-119.4031,45049.68125,W,30,
878,25082,2023,HWF161,,200,D,59.731,-119.751217,45182.70833,NW,10,Mackenzie County
879,25098,2023,MWF034,,38,C,57.723968,-112.2059,45101.56181,N,8,Wood Buffalo
880,25117,2023,LWF091,,200,D,54.50045,-113.6563,45050.65278,SE,18,Athabasca County
881,25129,2023,LWF010,,14,C,55.943583,-110.712583,45031.625,SE,8,Wood Buffalo
882,25142,2023,PWF061,,11.45,C,57.659167,-118.829417,45099.54167,NW,10,County of Northern Lights
883,25151,2023,HWF065,,1425,E,57.552833,-114.924917,45087.62847,,,Mackenzie County
884,25157,2023,GWF039,,95.28,D,54.53295,-119.275583,45081.125,N,12,Municipal District of Greenview
885,25158,2023,PWF090,,49.4,D,57.021652,-116.250443,45113.5,W,5,Northern Sunrise County
886,25163,2023,PWF082,Betts,8550,E,56.950667,-119.776167,45107.5,,,Clear Hills County
887,25173,2023,HWF102,,1166.5,E,58.7211,-115.859167,45110.34028,NW,20,Mackenzie County
888,25174,2023,MWF048,,3369,E,57.8415,-113.262833,45106.54931,NW,11,Wood Buffalo
889,25179,2023,HWF072,Owl Creek Complex,30123,E,57.692833,-116.019833,45100.8,E,2,Mackenzie County
890,25186,2023,HWF123,,20.1,C,58.04945,-115.6104,45115.60417,W,15,Mackenzie County
891,25187,2023,HWF124,,346.2,E,59.046633,-117.080833,45116.46528,E,5,Mackenzie County
892,25202,2023,SWF112,,13.9,C,57.3122,-115.486433,45105.77292,SW,15,Northern Sunrise County
893,25215,2023,MWF043,Myer's Lake ,130805,E,59.7624,-111.149033,45105.74861,,,Wood Buffalo
894,25221,2023,MWF037,Mikkwa River Complex,110,D,57.444917,-113.35255,45106.54722,SW,5,Wood Buffalo
895,25222,2023,MWF038,Mikkwa River Complex,569,E,57.460167,-113.390167,45086.55208,SW,5,Wood Buffalo
896,25223,2023,MWF039,Mikkwa River Complex,15191,E,57.421667,-113.400667,45106.55208,SW,5,Wood Buffalo
897,25224,2023,MWF040,Mikkwa River Complex,1200,E,57.408,-113.496,45106.53819,SW,5,Wood Buffalo
898,25225,2023,MWF041,Mikkwa River Complex,100,D,57.4795,-113.258333,45106.51389,SW,5,Wood Buffalo
899,25230,2023,LWF031,,10,C,55.934017,-110.735933,45038.45139,W,7,Wood Buffalo
900,25250,2023,MWF009,,16.1,C,56.436532,-111.201132,45048.56944,NW,15,Wood Buffalo
901,25254,2023,GWF049,,50.34,D,55.073273,-117.008845,45117.71042,E,7,Municipal District of Greenview
902,25256,2023,WWF028,,24.1,C,54.452367,-117.440717,45059.71528,S,10,Municipal District of Greenview
903,25264,2023,HWF175,,251.8,E,57.552983,-115.553983,45278.47431,W,35,Mackenzie County
904,25265,2023,HWF042,,181.8,D,58.420217,-116.123117,45052.52083,SE,20,Mackenzie County
905,25268,2023,PWF125,Doig,17714.2,E,56.859183,-119.659367,45128.875,SW,15,Clear Hills County
906,25270,2023,EWF039,Pembina Complex,165,D,53.470617,-115.870717,45050.79167,NE,5,Yellowhead County
907,25275,2023,PWF121,,15.8,C,57.252012,-117.095152,45129.5,NE,4,County of Northern Lights
908,25281,2023,SWF025,,18.6,C,55.374187,-115.698138,45041.89583,S,6,Big Lakes County
909,25282,2023,SWF026,,11.9,C,55.394767,-115.739983,45041.89583,S,6,Big Lakes County
910,25286,2023,MWF010,,19.4,C,56.937483,-111.549817,45049.5,SE,15,Wood Buffalo
911,25288,2023,SWF067,,534,E,55.022167,-115.8975,45049.95833,SE,30,Big Lakes County
912,25297,2023,HWF104,Yates River Fire,14250,E,59.955033,-116.247333,45110.61806,N,2,Mackenzie County
913,25300,2023,RWF012,,46,D,52.440283,-115.370667,45044.425,SW,10,Census Division No. 9
914,25302,2023,RWF014,,48.5,D,52.955167,-114.957833,45046.57778,SE,10,County of Wetaskiwin
915,25311,2023,PWF074,,101.2,D,56.45255,-116.179783,45105.63681,SW,12,Northern Sunrise County
