Apartment < 5 Stories,Apartment >= 5 Stories,Duplexes,Movable dwellings,Attached dwellings,Row Houses,Semi-detached houses,Single-detached houses
0,0,0,0,0,0,0,160
0,0,0,10,0,0,0,150
0,0,0,10,0,0,0,140
0,0,0,5,0,0,0,155
0,0,0,35,0,0,0,125
0,0,0,60,5,20,5,180
10,0,0,55,0,0,0,210
0,0,0,65,5,20,5,185
0,0,0,65,0,15,0,195
0,0,0,30,10,0,0,235
415,0,20,60,0,505,355,5200
1020,0,45,65,0,1005,630,7330
1205,95,95,175,0,1765,920,10770
2610,40,70,175,65,2670,1290,14745
3270,40,80,205,8840,3780,1660,17215
10,0,0,5,0,0,0,310
0,0,0,0,25,0,0,390
5,0,0,0,5,5,0,410
5,0,0,5,0,0,5,460
10,0,0,0,10,0,0,405
0,0,0,5,0,0,0,180
0,0,0,0,0,0,0,225
0,0,0,10,0,0,0,235
0,0,5,15,0,0,0,245
0,0,0,0,0,0,0,285
0,0,0,15,0,0,0,150
0,0,0,20,0,0,0,145
0,0,0,35,0,0,0,155
0,0,0,30,0,0,15,130
0,0,0,25,10,0,10,165
0,0,5,0,0,15,5,315
10,0,0,70,0,10,10,240
15,0,0,45,0,0,15,280
5,0,5,55,0,15,5,250
0,0,15,70,20,0,0,285
0,0,0,0,0,5,0,80
0,0,0,10,0,0,0,65
0,10,0,5,0,5,0,65
0,0,0,5,0,0,0,75
0,0,0,25,0,0,0,65
0,0,0,0,0,0,0,25
0,0,0,0,0,0,0,30
0,0,0,0,0,0,0,40
0,0,0,0,0,0,0,30
0,0,0,15,0,0,0,60
0,0,0,10,0,0,0,65
0,0,0,15,0,0,0,70
0,0,0,20,5,5,0,60
0,0,0,20,0,0,0,70
0,0,0,5,0,10,5,205
0,0,0,10,0,15,0,205
5,0,0,5,5,5,0,180
0,0,0,5,0,10,0,185
0,0,10,0,15,0,0,175
0,0,0,0,0,0,0,0
0,0,0,0,0,0,5,70
0,0,0,10,0,0,0,65
0,0,0,0,0,0,5,65
0,0,0,5,0,0,5,65
0,0,0,0,0,0,0,65
80,0,55,30,10,80,45,650
145,0,10,25,25,40,305,510
160,0,40,110,0,85,65,710
195,0,65,110,0,85,25,710
200,0,30,20,410,60,125,725
0,0,15,390,5,5,5,2275
15,0,0,400,0,10,30,2455
0,0,5,510,5,0,5,2445
10,0,0,480,5,0,10,2560
0,0,0,305,0,0,0,2520
1645,15,75,0,0,325,375,425
1125,0,270,0,35,310,285,545
1405,5,110,0,0,295,350,405
1160,5,155,0,15,405,370,445
1420,10,500,0,2580,390,255,345
0,0,0,15,0,10,0,140
0,0,0,10,0,15,0,155
0,0,0,5,0,10,5,195
0,0,0,5,0,10,5,240
0,0,0,0,25,25,0,230
0,0,0,15,0,0,0,90
0,0,0,0,0,0,0,110
0,0,0,35,5,0,0,90
5,0,0,20,0,0,0,110
0,0,0,30,0,0,0,90
245,0,10,90,5,45,65,1240
195,0,30,70,15,65,90,1260
225,5,25,35,5,80,115,1320
170,0,150,35,0,105,115,1335
220,0,25,65,505,135,130,1260
0,0,0,165,5,5,5,1775
0,0,0,240,0,0,20,1830
5,0,0,170,0,5,5,2020
0,0,0,235,5,0,0,2050
0,0,0,210,0,0,0,1990
45,0,5,15,0,0,5,280
35,0,15,15,0,0,15,255
35,0,20,40,0,0,0,280
40,0,5,20,5,5,15,290
0,0,10,30,30,0,15,315
15,0,5,30,5,65,0,390
0,0,0,40,0,60,0,435
15,0,5,55,5,50,5,405
5,0,40,50,0,25,0,415
0,0,0,25,75,60,0,440
5,0,0,0,0,0,5,130
10,0,0,15,0,0,0,115
0,0,0,15,0,5,0,130
0,0,0,20,0,10,5,130
0,0,15,15,75,0,50,95
50,0,0,0,0,20,100,1885
65,0,10,0,0,20,95,2610
140,0,5,0,5,220,240,3765
280,0,15,0,5,365,400,4570
470,0,15,0,1385,415,480,5560
5,0,0,160,0,0,5,1745
0,0,0,280,0,0,115,1600
0,0,0,170,5,0,5,1930
0,0,0,205,5,0,0,1970
10,0,0,240,20,0,10,1920
0,0,0,35,0,0,0,55
0,0,0,0,0,0,0,90
0,0,0,35,0,0,0,65
0,0,0,30,0,0,0,75
0,0,0,10,0,0,0,100
0,0,0,0,0,0,0,0
110,0,0,10,0,5,15,675
80,0,10,155,10,40,20,610
40,5,20,140,0,20,30,650
60,0,5,150,0,30,20,685
70,0,10,50,120,0,40,750
20,0,0,5,5,5,10,270
0,0,0,15,0,15,20,250
20,0,0,20,0,20,10,260
25,0,0,20,0,10,5,270
15,0,0,20,25,0,0,270
25,0,5,50,0,20,10,295
15,0,0,35,0,20,10,335
35,0,0,5,5,15,0,385
10,0,5,45,5,30,10,330
20,0,0,55,60,15,20,340
0,0,0,5,0,5,0,215
0,0,0,85,0,0,0,130
0,0,0,70,0,5,0,150
0,0,0,5,0,5,0,220
0,0,0,75,0,0,0,160
0,0,0,0,0,0,0,0
0,0,0,0,0,0,0,35
0,0,0,0,0,0,0,35
0,0,0,0,0,0,0,40
0,0,0,0,0,0,0,40
0,0,0,0,0,0,0,0
0,0,0,315,5,30,0,1575
0,0,0,310,0,25,10,1630
10,0,0,395,10,30,10,1690
0,0,0,390,5,20,5,1675
0,0,0,380,65,25,30,1560
5,0,0,25,5,10,0,115
0,0,0,20,0,0,0,150
5,0,0,30,0,10,0,120
0,0,0,40,0,10,0,110
0,0,0,15,10,0,0,105
30,0,0,10,10,0,15,470
45,0,10,25,0,10,10,425
50,0,0,10,0,10,5,465
45,0,10,15,0,15,0,465
40,0,10,10,105,40,15,525
0,0,0,0,0,0,0,20
0,0,0,0,0,0,0,20
0,0,0,0,0,0,0,20
0,0,0,0,0,0,0,20
10,0,0,130,5,5,0,440
0,0,0,50,0,0,0,480
10,0,0,105,5,0,0,395
5,0,0,70,5,10,0,410
0,0,0,70,10,10,0,405
0,0,0,0,0,0,0,50
0,0,0,0,0,0,0,50
0,0,0,0,0,0,0,40
0,0,0,0,0,0,0,40
0,0,0,0,0,0,0,65
0,0,0,0,0,0,0,80
0,0,0,10,0,0,0,70
0,0,0,5,0,0,0,80
0,0,0,15,0,0,0,75
0,0,0,0,0,0,0,80
15,0,5,60,0,10,25,560
0,0,20,85,0,30,0,580
35,0,15,80,0,45,55,715
100,0,10,80,0,35,60,815
120,0,15,85,250,20,90,850
15,0,5,160,0,65,65,765
15,0,15,0,0,175,75,1365
40,0,15,140,0,270,135,1650
70,0,40,160,0,415,110,2510
170,0,30,145,920,510,215,2715
25,0,0,15,0,0,0,965
35,0,0,10,0,0,0,1000
0,0,5,30,0,0,5,1085
40,0,0,35,0,20,0,1050
30,0,0,0,75,45,0,1090
0,0,0,0,0,0,0,0
10,0,0,0,0,55,10,425
10,0,0,10,0,50,10,450
0,0,0,15,0,50,10,460
10,0,0,10,0,55,15,475
0,0,0,15,50,45,0,495
0,0,0,0,0,0,0,50
0,0,0,0,0,0,0,65
0,0,0,10,0,0,0,50
0,0,0,10,0,0,0,45
0,0,0,0,0,0,0,60
390,0,75,120,0,60,60,1390
400,10,10,130,0,100,140,1480
350,0,15,160,5,80,155,1560
225,0,20,185,0,50,140,1485
535,0,105,120,795,20,130,1615
0,0,0,0,0,0,0,25
0,0,0,0,0,0,0,35
0,0,0,0,0,0,0,30
0,0,0,0,0,0,0,30
5,0,0,375,5,5,0,2800
10,0,15,345,10,0,0,3115
5,0,0,365,5,15,100,3460
85,0,0,465,5,15,75,4175
0,0,0,430,35,20,10,4280
0,0,0,5,0,0,0,60
10,0,0,20,0,0,0,45
0,0,0,20,0,0,0,50
0,0,0,0,0,0,0,80
25,0,0,15,5,5,40,500
30,0,15,10,0,0,40,495
25,0,5,30,0,15,25,540
25,0,0,30,0,20,35,520
0,0,40,20,95,15,35,560
45,15,10,85,0,0,15,315
40,0,10,105,0,10,0,330
25,0,0,85,0,20,45,350
0,0,40,85,0,0,35,360
30,0,20,115,105,15,35,360
0,0,0,5,0,0,0,50
0,0,0,0,0,5,0,45
0,0,0,5,0,5,0,50
0,0,0,0,10,10,0,35
15,0,0,60,0,25,5,220
0,0,0,60,0,35,0,245
25,0,0,75,0,30,10,245
20,0,0,75,0,35,5,225
20,0,20,75,65,25,0,220
10,0,0,630,5,5,0,1770
0,0,0,285,40,0,25,2195
0,0,5,645,0,5,0,2035
0,0,5,885,0,0,5,2035
0,0,15,655,15,0,0,2195
15,0,5,45,0,0,0,160
10,0,0,45,0,0,0,180
5,0,0,50,0,0,0,160
25,0,0,65,0,0,0,165
20,0,0,60,20,0,0,185
605,0,100,85,5,435,350,2605
950,0,135,195,0,510,325,2715
755,0,165,350,0,545,370,2850
785,0,205,380,0,510,380,2780
800,0,200,415,1925,550,380,2800
5,0,5,0,0,5,25,375
35,0,0,15,0,15,30,360
20,0,0,15,0,10,20,385
25,0,0,20,0,10,20,425
10,0,20,20,30,0,0,465
0,0,0,0,0,0,0,0
0,0,0,5,0,5,0,70
0,0,0,0,0,0,0,110
0,0,0,5,0,5,0,125
0,0,0,0,0,5,0,125
0,0,0,0,10,10,0,140
46280,23925,11845,1510,215,30555,20290,198335
60850,26070,16300,1995,120,34835,22130,222430
63540,29485,16660,1930,155,37400,25495,248755
72850,32885,21860,2035,200,44670,29270,262950
81880,40700,20500,1850,183715,48865,32270,276045
45,0,0,60,0,0,35,525
25,0,0,95,0,0,35,570
50,0,5,60,0,25,10,615
50,0,0,80,0,20,45,645
55,0,0,60,145,55,30,710
1330,0,135,50,15,155,360,4080
1525,0,170,45,10,250,390,4345
1450,0,315,170,10,315,385,4815
1640,65,205,145,10,440,580,4970
1605,55,195,160,2850,455,585,5075
0,0,5,90,15,0,5,2455
0,0,10,185,0,0,50,2330
0,0,5,180,5,0,0,2670
10,0,0,220,5,0,5,2865
0,0,0,225,40,10,25,2960
485,55,195,220,5,640,280,2135
760,110,205,40,20,720,510,2415
1090,10,255,5,5,900,435,2475
1205,80,350,5,5,1080,475,2540
1675,250,430,10,3975,1270,600,2575
5,0,0,25,0,15,0,155
20,0,0,30,0,0,0,155
5,0,0,25,0,15,0,160
10,0,0,25,0,5,0,160
10,0,0,15,35,25,0,175
0,0,0,0,0,0,0,0
60,0,10,5,10,25,10,1005
85,0,0,30,15,30,30,980
55,0,0,25,0,45,40,1045
15,0,10,0,0,60,25,1065
70,0,10,10,175,40,35,1080
5,0,5,60,0,0,5,960
0,0,10,40,10,0,0,945
0,0,10,40,0,0,0,975
0,0,5,30,0,0,5,1005
0,0,0,10,20,0,15,1110
0,0,0,30,0,5,0,85
0,0,0,20,0,0,0,90
0,0,0,30,0,5,0,85
0,0,0,35,0,0,0,80
0,0,0,15,0,0,0,115
10,0,5,80,5,25,5,100
0,0,0,0,10,45,0,175
0,0,0,75,0,15,15,105
10,0,20,85,0,5,5,110
20,0,0,75,35,10,0,105
115,0,0,10,0,50,30,640
55,0,10,65,0,45,25,805
15,0,15,5,0,65,55,1160
10,0,25,100,10,70,65,1265
50,0,0,75,275,65,150,1495
0,0,0,0,0,0,0,0
20,0,0,30,10,5,5,345
0,0,0,30,0,35,10,330
30,0,0,30,0,5,10,350
20,0,0,30,0,0,10,355
10,0,0,35,20,0,15,340
0,0,0,20,0,5,0,55
0,0,0,0,0,0,0,60
0,0,0,5,0,10,0,55
0,0,0,15,5,0,0,40
5,0,0,30,0,0,0,115
0,0,0,50,0,0,0,110
0,0,0,30,0,5,0,125
0,0,0,0,0,5,5,160
0,0,0,40,0,0,0,130
0,0,0,30,0,5,0,110
0,0,0,15,0,0,0,120
0,0,0,20,0,5,0,120
0,0,0,20,0,5,0,120
0,0,0,20,0,0,0,120
0,0,0,0,0,5,20,1085
40,0,0,15,0,95,220,2690
80,0,5,5,0,290,355,3905
195,0,10,5,0,545,490,4865
200,0,10,0,1330,585,540,5395
0,0,0,5,0,0,0,40
0,0,0,0,0,0,0,50
0,0,0,5,0,0,0,50
0,0,0,10,0,0,0,55
0,0,0,10,0,0,0,50
0,0,0,5,0,5,0,95
0,0,0,10,0,0,0,95
0,0,0,30,5,5,0,100
0,0,0,20,0,5,0,95
0,0,0,25,10,0,0,90
185,0,20,55,5,45,70,1135
215,0,10,105,0,55,80,1110
105,0,90,105,5,40,120,1175
150,5,40,70,5,55,70,1250
185,0,20,70,400,65,130,1245
0,0,0,210,0,5,0,685
0,0,15,55,0,0,0,815
0,0,0,160,0,5,5,720
5,0,0,230,0,0,5,700
0,0,0,215,0,0,0,710
0,0,0,0,0,0,0,0
65,0,5,1170,5,5,10,2920
0,0,50,740,50,40,40,3510
0,0,10,1260,10,5,10,3405
0,0,0,880,10,0,45,3760
0,0,0,1080,45,0,20,3690
0,0,0,70,5,0,0,120
0,0,0,75,0,0,0,130
0,0,0,75,0,0,5,170
0,0,5,100,0,0,5,180
0,0,0,85,10,0,0,235
10,0,0,0,0,0,0,170
0,0,0,50,0,10,0,120
0,0,0,70,0,15,5,115
0,0,0,55,0,0,0,120
0,0,0,65,10,0,0,100
50,0,20,0,5,90,90,1825
110,0,25,120,15,80,75,1820
130,0,35,230,5,105,120,2125
130,0,50,270,0,115,120,2320
170,0,50,265,455,120,105,2525
0,0,5,135,0,5,15,345
0,0,0,0,10,0,0,520
0,0,5,125,0,15,20,550
0,0,5,100,0,60,40,735
0,0,20,80,150,80,50,795
185,0,5,30,5,205,525,2930
390,0,35,30,10,215,730,3425
675,5,70,0,0,395,875,4505
1015,0,90,0,10,1160,1345,6140
1215,0,110,0,4855,1780,1740,7225
315,0,40,175,5,205,655,2605
420,0,20,15,50,125,495,3180
545,0,35,90,35,175,665,3605
700,0,30,300,0,245,580,3740
855,0,55,275,1825,230,680,4015
0,0,0,20,0,0,5,105
0,0,0,0,0,0,0,120
0,0,0,25,0,0,0,155
0,0,5,0,0,0,0,205
0,0,0,25,10,0,10,195
0,0,10,0,0,0,0,10
0,0,0,0,0,0,0,15
0,0,0,0,0,0,0,20
0,0,0,0,0,0,0,25
0,0,0,5,0,0,0,25
0,0,0,0,0,0,0,30
0,0,0,10,0,0,0,35
0,0,0,0,0,0,0,45
0,0,0,10,0,0,0,45
0,0,0,35,0,5,5,220
0,0,0,50,0,15,0,210
0,0,0,45,0,15,5,215
0,0,0,30,5,0,5,235
0,0,0,55,15,10,0,200
0,0,25,75,0,15,0,265
30,0,0,0,0,0,10,390
20,0,0,75,5,5,10,275
35,0,0,65,5,0,10,280
25,0,0,75,50,0,0,280
10,0,0,10,0,0,0,115
10,0,0,0,0,0,0,110
5,0,0,10,0,5,5,105
5,0,5,10,5,0,0,100
0,0,0,0,10,0,0,110
5,0,0,30,0,0,0,70
0,0,0,35,0,0,0,60
5,0,0,0,0,0,0,100
5,0,0,30,0,0,0,60
10,0,0,0,10,0,0,110
0,0,15,30,0,0,0,115
15,0,10,45,0,0,0,125
5,0,10,40,0,0,0,145
15,0,0,45,0,0,0,130
0,0,0,50,15,0,0,130
10,0,5,75,0,25,45,640
45,0,10,0,0,0,80,810
60,0,0,80,0,0,75,790
70,0,5,75,5,5,110,835
50,0,10,80,195,10,125,1045
135,0,5,135,30,30,15,2330
140,15,10,50,20,20,10,2370
125,5,20,180,10,30,35,2190
110,0,15,195,10,55,10,2165
100,0,0,180,255,100,35,2320
0,0,0,0,0,0,0,40
0,0,0,0,0,0,0,25
0,0,0,0,0,0,0,45
10,0,0,185,0,5,5,1835
15,0,0,200,0,0,10,2135
5,0,5,200,5,0,25,2295
5,0,5,220,0,0,25,2430
0,0,0,225,10,0,10,2420
0,0,0,15,0,0,5,70
0,0,0,15,0,0,0,60
0,0,0,15,0,5,0,55
0,0,0,10,0,5,0,70
0,0,0,0,0,0,0,80
5,0,5,15,0,0,15,265
10,0,0,25,0,0,25,265
10,0,0,30,0,0,20,270
5,0,0,0,0,0,20,300
10,0,0,40,10,0,0,295
10,0,0,35,10,5,5,220
0,0,0,0,0,25,10,275
20,0,5,10,5,0,10,300
10,0,5,50,10,15,5,290
0,0,15,60,45,15,0,270
0,0,0,15,0,5,0,70
10,0,0,0,0,0,0,85
5,0,0,0,0,0,0,90
5,0,0,25,0,0,0,70
0,0,0,10,0,0,0,50
15,0,5,25,0,0,5,5
15,0,0,10,35,20,0,10
180,0,0,0,0,100,85,1380
265,0,0,0,0,105,115,1810
200,0,0,10,0,145,145,1885
195,0,10,0,0,145,145,1920
230,0,0,0,540,140,165,1960
0,0,0,5,0,5,0,75
10,0,0,20,0,0,0,60
0,0,0,25,0,5,0,60
0,0,0,20,0,10,0,65
70,0,5,100,5,120,95,1070
105,0,30,0,10,125,105,1285
70,0,55,0,5,95,175,1520
115,0,65,95,10,160,130,1455
85,0,0,110,470,165,210,1465
0,0,0,0,0,0,0,35
0,0,0,0,0,0,0,45
0,0,0,0,0,0,5,35
0,0,0,0,10,0,10,35
0,0,0,25,0,0,0,70
0,0,0,30,0,0,0,80
0,0,0,35,0,0,5,80
0,0,0,35,0,0,5,80
0,0,0,35,0,0,0,85
15,0,0,5,5,10,0,130
20,0,0,15,0,0,0,95
20,0,0,30,0,5,0,85
25,0,5,30,0,0,0,90
45,0,0,35,45,0,0,115
285,0,45,135,0,40,80,1535
350,10,20,340,0,25,150,1645
430,0,15,225,5,60,185,1820
400,0,25,295,0,65,195,1800
480,0,55,260,810,65,215,1825
0,0,0,65,0,10,5,115
20,0,10,80,0,10,10,110
0,0,5,90,0,10,5,145
0,0,5,85,0,15,0,155
0,0,0,70,10,10,0,195
305,40,5,90,5,50,120,2425
335,0,0,85,0,25,175,2450
350,0,45,150,5,30,145,2450
335,5,10,160,0,70,145,2440
375,0,10,165,595,50,155,2440
0,0,0,10,5,5,0,265
0,0,0,55,0,0,0,265
5,0,0,20,0,5,0,320
0,0,0,70,0,10,0,290
0,0,0,45,10,0,0,330
0,0,0,10,0,0,0,30
0,0,0,5,0,10,0,35
0,0,0,10,0,0,0,30
20,0,0,50,0,20,10,290
0,0,0,0,0,10,15,350
30,0,5,85,0,5,15,295
5,0,5,105,0,30,5,290
0,0,0,50,45,45,0,330
0,0,0,0,0,0,0,65
0,0,0,10,0,0,0,50
5,0,0,15,0,0,0,55
0,0,0,10,0,0,0,45
0,0,0,0,0,0,0,45
5,0,0,0,0,0,0,90
0,0,0,0,0,0,0,65
0,0,0,0,0,0,0,105
0,0,0,0,0,0,0,100
0,0,0,0,0,0,0,0
0,0,5,5,0,5,0,145
15,0,0,25,0,0,0,110
10,0,0,0,0,0,0,140
5,0,0,30,0,0,0,145
15,0,0,25,20,0,0,120
61800,22890,5235,2615,200,26735,9765,136115
69730,26410,8460,2085,155,28730,12550,149605
74765,25515,8420,2835,180,31250,16025,165760
83775,25785,10015,2650,95,36075,22215,180215
91250,29385,10100,1960,168550,38525,28590,196510
475,0,15,390,5,160,30,1750
495,0,10,420,10,135,70,1965
650,0,20,425,0,180,80,2030
585,0,45,495,15,160,75,1980
600,0,35,475,855,160,60,2050
125,0,5,10,0,0,5,435
105,0,10,55,0,0,0,395
95,0,0,30,0,15,0,425
30,0,5,55,0,20,0,420
95,0,0,0,125,20,0,485
5,0,0,15,0,10,0,95
0,0,0,20,0,10,0,85
0,0,0,25,0,5,0,105
0,0,5,20,0,5,0,115
0,0,15,45,20,0,0,110
0,0,5,5,0,0,0,75
0,0,0,0,0,0,0,70
0,0,0,10,0,0,0,60
0,0,0,0,5,0,0,50
0,0,0,0,0,0,0,75
0,0,0,0,0,0,0,370
0,0,0,5,0,0,0,355
0,0,0,5,0,15,0,435
0,0,0,0,30,15,10,455
95,0,30,45,0,5,15,1050
0,0,0,150,0,0,0,1145
105,0,35,150,5,5,15,950
95,0,30,155,0,15,25,930
35,0,35,155,115,0,35,930
0,0,0,55,0,0,0,565
0,0,0,90,0,0,0,425
5,0,5,10,0,0,0,600
0,0,0,95,5,0,0,520
0,0,0,80,0,0,0,530
75,0,5,75,0,0,20,265
75,0,0,80,15,0,30,230
40,55,0,80,0,0,25,295
80,0,5,75,0,5,20,260
65,0,0,70,85,0,15,250
10,0,0,15,0,0,0,60
0,0,0,20,0,0,0,45
0,0,0,30,0,0,0,55
0,0,0,25,0,5,0,70
0,0,0,50,0,0,5,1365
0,10,0,80,0,0,10,1295
0,0,0,70,5,10,0,1250
0,0,0,80,5,10,5,1280
0,0,0,100,15,0,0,1265
5,0,5,225,5,10,140,5380
20,0,0,195,10,10,180,6540
20,0,5,195,0,0,170,7255
5,0,15,180,10,5,215,7730
15,0,0,205,265,0,245,7975
5,0,0,5,5,0,5,195
0,0,0,0,0,10,10,190
5,0,0,5,0,5,5,200
5,0,0,0,0,5,5,215
10,0,0,0,25,0,0,185
15,0,0,5,5,5,0,325
0,0,0,15,0,0,0,330
5,0,0,15,0,0,5,315
5,0,0,10,0,5,0,340
0,0,0,15,20,0,0,340
0,0,0,5,0,20,5,225
90,15,5,110,0,0,30,940
50,15,10,105,25,10,55,950
60,0,5,15,5,30,25,1105
45,20,15,130,0,30,30,960
75,20,10,110,145,25,20,1050
500,60,15,5,5,430,205,3445
1000,0,40,0,10,485,280,3845
1205,0,30,0,0,525,780,4795
1550,0,25,0,0,525,1205,5950
1750,0,30,0,3755,530,1445,6660
0,0,0,10,0,0,0,10
0,0,0,5,0,0,0,10
0,0,0,10,0,0,0,15
0,0,0,40,0,0,0,770
0,0,10,15,0,0,0,860
0,0,0,15,0,0,5,800
0,0,0,40,5,0,5,820
0,0,0,50,0,0,0,810
160,0,0,145,0,10,10,470
135,0,0,0,10,55,10,650
105,0,5,185,0,30,10,440
120,0,0,165,0,35,5,450
45,0,0,160,70,15,10,430
0,0,0,10,0,5,10,190
0,0,0,30,0,15,10,230
0,0,0,35,0,20,15,235
0,0,5,0,0,15,45,240
0,0,0,80,25,15,10,265
0,0,0,0,0,0,0,15
0,0,0,10,0,0,0,10
0,0,0,0,0,0,0,30
0,0,0,0,0,0,0,35
0,0,0,0,0,0,0,35
0,0,0,0,0,0,0,40
35,0,0,55,0,5,10,790
30,10,0,65,0,10,25,815
35,0,15,50,0,0,20,960
60,0,0,40,0,10,20,1010
90,0,0,55,120,25,15,1070
5,0,0,25,0,10,0,95
0,0,0,15,0,0,0,100
5,0,0,25,0,15,0,85
5,0,0,25,0,10,0,70
0,0,0,20,15,15,0,75
5,0,0,20,5,25,0,140
10,0,0,20,0,15,0,125
10,0,0,15,0,35,0,145
5,0,0,20,5,20,5,150
0,0,0,0,0,0,0,145
0,0,0,0,0,0,0,85
0,0,0,0,0,0,0,95
5,0,0,0,0,0,0,95
0,0,0,5,0,5,0,100
0,0,0,0,0,0,0,90
0,0,0,0,0,0,0,55
0,0,0,0,0,0,0,95
0,0,0,0,0,0,0,70
0,0,0,0,0,0,0,75
0,0,0,0,0,0,0,95
140,0,5,85,5,145,10,950
125,0,0,125,0,150,25,955
205,0,10,170,0,150,40,985
110,0,5,105,0,75,80,915
2745,240,180,250,25,550,700,8700
3440,130,410,350,0,715,1195,11085
4100,135,475,545,5,915,1370,13645
4060,165,925,915,0,1075,1520,15010
4580,155,1090,830,8555,1075,1805,15280
20,0,10,440,40,0,50,4695
0,0,30,870,15,15,35,5265
5,0,0,1780,0,75,55,5275
10,0,10,1890,5,60,60,5645
0,0,80,1615,220,70,50,6515
0,0,0,0,0,0,0,45
0,0,0,0,0,0,0,60
0,0,0,0,0,0,0,55
0,0,0,0,0,0,0,60
0,0,0,0,0,0,0,65
15,0,0,5,5,0,0,160
0,0,0,10,0,0,0,170
10,0,0,15,0,0,0,180
0,0,10,0,5,0,5,190
0,0,0,130,5,5,0,1730
0,0,10,290,0,0,0,1615
0,0,0,350,0,5,0,1605
0,5,0,245,0,5,5,1805
135,0,0,350,270,65,70,2605
0,0,0,15,0,0,0,20
0,0,0,0,0,0,0,25
0,0,0,25,0,10,0,55
0,0,0,0,0,0,0,65
0,0,0,50,10,0,0,25
0,0,0,0,0,5,0,30
0,0,0,10,0,0,0,25
0,0,0,0,0,0,5,40
0,0,0,15,0,0,0,35
15,0,5,65,15,30,25,775
50,0,0,30,0,40,50,820
15,0,10,115,5,40,50,760
35,0,10,110,5,50,70,790
20,0,0,90,180,65,90,815
0,0,0,0,0,0,0,65
0,0,0,0,0,0,0,85
0,0,0,0,0,0,0,55
0,0,0,0,0,0,0,75
0,0,0,0,0,0,0,100
0,0,0,0,0,0,0,20
0,0,0,0,0,0,0,25
0,0,0,10,0,0,0,45
0,0,0,25,0,0,0,25
0,0,0,15,5,0,0,40
0,0,0,10,5,0,0,40
0,0,0,0,0,0,0,35
110,0,10,50,10,20,90,955
135,0,0,20,0,50,135,905
95,0,30,45,5,30,55,945
60,0,0,40,5,60,40,935
35,0,0,0,135,55,45,970
30,0,0,25,0,0,5,250
20,0,0,45,0,0,10,230
20,0,0,20,0,0,0,225
15,0,0,35,0,0,5,205
10,0,0,30,10,0,0,190
0,0,0,15,0,0,0,205
10,10,0,50,0,0,0,195
0,0,0,25,0,5,15,240
0,0,5,5,0,20,0,220
0,0,0,10,20,15,0,245
0,0,0,0,0,0,0,120
0,0,0,0,0,0,15,120
0,0,0,5,0,0,5,155
0,0,0,0,0,0,10,180
0,0,0,15,15,0,10,140
0,0,0,15,0,0,0,15
0,0,0,10,0,0,0,35
0,0,0,5,0,0,0,40
0,0,0,10,0,0,0,40
5,0,0,5,5,0,0,65
0,0,0,10,10,0,0,60
5,0,0,10,0,0,0,60
0,0,0,5,5,5,0,65
0,0,0,0,0,0,0,60
160,0,30,285,5,110,20,555
0,0,0,60,0,0,0,1305
150,0,15,300,0,110,50,650
125,0,35,215,5,70,40,605
180,0,20,345,335,95,40,635
145,0,35,110,5,20,45,665
190,0,15,100,10,0,50,675
150,0,0,85,5,10,70,655
140,5,5,55,5,20,60,655
110,0,35,105,225,35,45,635
345,0,65,220,15,300,545,2055
460,0,45,120,10,390,780,2375
500,0,50,305,5,710,940,2760
590,0,55,255,5,730,990,2745
725,0,100,255,2615,735,1050,2915
0,0,0,25,0,0,0,55
0,0,0,5,0,0,0,70
0,0,0,0,0,0,0,60
5,0,0,25,0,5,0,130
0,0,0,70,0,0,0,95
10,0,0,20,0,0,0,110
5,0,0,25,5,5,0,110
15,0,0,20,20,0,0,95
370,5,30,280,10,285,135,2260
390,0,55,880,0,350,195,1800
425,0,50,915,0,340,190,1860
505,0,30,590,5,355,220,2215
565,0,40,565,1215,390,215,2225
5,0,0,0,0,0,0,170
0,0,0,10,0,10,0,155
0,0,0,5,10,5,0,165
0,0,0,0,0,0,0,145
0,0,0,0,0,0,0,165
0,0,5,5,0,0,0,75
0,0,0,0,0,70,0,0
0,0,0,5,0,5,0,90
0,0,0,10,0,5,5,90
0,0,0,10,10,10,0,95
0,0,0,0,0,0,0,20
0,0,0,0,0,0,0,55
0,0,0,0,0,0,0,25
0,0,0,10,0,0,0,10
0,0,0,5,0,5,0,95
0,0,0,0,0,0,0,85
0,0,0,15,0,5,0,70
0,0,0,15,0,5,0,85
0,0,0,15,0,0,0,80
0,0,0,10,0,0,5,55
0,0,0,0,0,0,10,70
0,0,0,0,0,0,5,70
0,0,0,15,0,0,0,60
0,0,0,10,0,0,0,65
5,0,0,25,25,5,0,195
0,0,0,0,0,60,0,210
10,0,5,25,0,45,0,215
10,0,10,40,0,45,0,190
15,0,0,20,65,45,0,190
0,0,0,0,10,5,0,45
0,0,0,0,20,0,10,35
5,0,0,0,0,0,5,25
0,0,0,0,5,0,0,35
20,0,0,0,20,0,0,35
115,0,5,15,0,80,40,20
55,0,10,0,0,95,30,10
40,0,0,0,0,25,15,10
10,0,0,0,110,75,35,20
0,0,0,0,0,0,0,10
0,0,0,0,0,0,0,0
0,0,0,0,0,0,0,0
0,0,0,15,0,10,5,45
10,0,0,30,0,5,5,65
0,0,0,30,10,0,0,75
0,0,0,0,0,0,0,0
0,0,0,0,0,0,0,0
455,10,5,155,15,85,245,1670
510,0,10,145,10,80,285,1835
355,0,30,165,5,230,315,2030
385,0,45,155,0,270,270,2035
525,0,50,170,1115,255,285,2065
0,0,0,5,0,5,0,100
0,0,0,10,0,10,0,105
5,0,0,5,0,5,0,90
0,0,0,5,5,10,0,80
0,0,0,0,0,0,0,80
10,0,0,0,0,5,0,170
15,0,0,30,0,10,0,140
10,0,0,25,0,0,0,165
10,0,0,15,5,5,0,185
0,0,0,25,10,10,0,175
0,0,0,20,5,5,15,320
0,0,0,55,0,15,40,330
5,0,5,40,5,30,35,360
0,0,0,30,70,20,45,365
0,0,0,0,0,0,0,75
0,0,0,5,0,0,0,95
0,0,0,5,0,0,0,90
0,0,0,0,0,0,0,80
0,0,0,0,0,0,0,30
0,0,0,0,0,0,0,30
0,0,0,5,0,0,0,25
0,0,0,0,0,0,0,50
0,0,0,0,0,0,0,0
0,0,0,5,0,0,0,75
0,0,0,15,0,0,0,80
0,0,0,15,0,0,0,75
0,0,0,0,0,5,0,120
0,0,0,20,0,0,0,105
0,0,0,0,0,0,0,50
0,0,0,0,0,0,0,75
0,0,0,0,0,0,0,75
0,0,0,0,0,0,0,90
0,0,0,0,0,0,0,85
535,5,175,0,0,255,55,600
620,0,175,55,20,235,15,475
455,5,45,0,0,240,145,505
405,0,115,0,0,270,120,660
515,0,75,70,1040,340,120,555
0,0,0,25,0,0,0,25
0,0,0,35,0,0,0,25
0,0,0,30,0,0,0,40
0,0,0,20,0,0,0,35
0,0,0,30,0,0,5,135
0,0,0,45,0,0,10,140
0,0,5,45,0,5,5,140
0,0,0,65,0,10,0,150
0,0,0,100,10,10,0,135
5,0,5,35,5,10,5,60
0,0,0,30,0,30,10,45
0,0,0,5,0,0,0,20
0,0,0,25,0,0,5,25
0,0,0,15,0,0,0,35
0,0,0,0,0,0,0,0
0,0,0,20,0,10,0,20
0,0,0,10,0,0,0,10
0,0,0,15,0,0,0,20
0,0,0,0,0,0,0,0
0,0,0,25,0,0,0,195
0,0,0,45,0,0,0,195
0,0,0,40,0,0,0,195
0,0,0,40,10,0,10,210
30,0,0,25,10,0,5,335
50,0,0,10,0,0,0,355
20,0,5,20,0,20,10,335
15,0,0,20,5,5,5,335
20,0,0,20,35,15,0,350
5,0,0,25,0,10,5,200
10,0,0,20,0,10,0,215
0,0,5,5,0,5,5,280
0,0,0,25,0,0,5,290
0,0,0,10,0,0,0,295
25,0,0,215,10,0,0,1460
10,0,10,220,15,0,0,1475
5,0,0,185,5,15,5,1465
5,0,0,220,0,0,10,1485
0,0,20,160,85,0,60,1505
0,0,0,605,5,50,5,2630
40,0,15,545,0,0,20,3040
15,0,0,700,5,35,5,3330
15,0,5,800,5,0,5,3505
0,0,0,680,40,20,15,3650
245,0,15,55,5,60,35,570
265,0,20,105,0,35,30,555
260,0,30,445,0,60,15,2180
215,25,10,425,5,55,40,2300
170,0,15,350,280,60,35,2315
535,0,35,165,40,105,265,2315
545,0,105,130,25,95,335,2670
555,0,90,195,10,135,370,3055
555,0,110,280,15,175,425,3235
695,0,120,375,1530,245,455,3285
5,0,0,420,50,5,5,2900
15,0,10,435,15,0,30,3145
20,0,0,490,5,0,5,3185
15,0,10,445,15,0,25,3385
65,0,20,425,125,0,10,3420
0,0,0,0,0,0,0,0
40,0,0,10,0,25,5,555
30,0,0,20,0,0,0,545
15,0,0,15,5,5,10,595
35,0,0,15,5,15,20,575
65,0,10,20,170,10,20,495
0,0,0,90,0,5,5,1440
0,0,0,175,0,0,10,1330
0,0,0,135,5,0,0,1445
0,0,0,145,0,0,5,1440
0,0,0,130,0,0,0,1400
0,0,0,0,0,0,0,25
0,0,0,0,0,0,0,25
670,75,20,155,10,275,205,3950
1150,180,65,140,10,340,275,4370
1360,205,80,365,10,650,535,6085
1390,390,145,345,10,990,810,7235
1590,420,145,360,3990,1120,1125,8190
10,0,10,495,5,5,5,3785
10,0,0,280,20,45,0,4220
0,0,15,500,15,5,10,4420
0,0,5,530,10,0,5,4550
0,0,0,430,30,15,15,4845
15,0,0,0,0,0,0,350
10,0,0,0,0,15,10,385
10,0,0,0,0,30,10,395
10,0,5,0,0,20,5,405
45,0,10,0,75,20,10,375
0,0,0,105,0,5,5,890
0,0,0,205,0,0,0,805
5,0,0,265,5,5,5,830
5,0,5,185,5,0,0,890
0,0,0,245,15,0,0,910
3150,730,1250,645,35,1745,1495,18080
4625,685,1945,675,15,1560,1765,19425
4850,725,1970,775,20,1610,2035,22160
5140,760,2810,770,10,2080,2280,23715
5425,820,3080,765,13450,2405,2545,25180
5,0,0,155,5,10,15,2610
0,0,15,145,0,30,35,2655
0,0,10,145,0,20,35,2650
5,0,15,115,5,15,35,2785
0,0,0,80,80,35,45,2730
40,0,0,55,5,10,5,160
50,0,0,85,0,10,0,170
20,0,0,60,0,15,10,190
10,0,10,40,0,30,10,205
25,0,0,25,60,20,20,215
0,0,0,70,0,0,0,35
0,0,0,70,15,15,0,30
1195,40,45,170,5,260,205,3045
1400,45,85,215,10,240,250,3840
1515,50,65,210,5,275,220,4590
1455,35,100,215,5,315,225,5100
1570,50,25,225,2140,315,230,5220
0,0,0,10,0,5,5,60
0,0,0,0,0,0,0,65
0,0,0,0,0,0,5,75
0,0,0,0,0,5,5,65
0,0,0,20,10,0,10,50
5,0,0,0,0,0,0,110
0,0,0,15,0,0,0,115
5,0,0,30,0,0,0,105
0,0,0,30,5,0,5,105
0,0,0,20,0,0,0,115
0,0,0,25,0,0,0,80
0,0,0,35,0,0,0,90
0,0,0,65,0,10,0,75
0,0,0,35,10,10,0,80
0,0,0,0,0,5,0,90
10,0,0,20,0,0,0,70
0,0,0,25,5,5,5,70
5,0,0,25,5,0,5,70
0,0,0,25,10,0,0,70
0,0,0,0,0,0,0,195
0,0,0,0,0,0,0,235
0,0,0,0,0,0,0,235
0,0,0,0,0,0,0,230
0,0,0,0,10,10,0,240
0,0,0,0,0,0,0,40
0,0,0,0,0,0,0,85
0,0,0,0,0,0,0,65
0,0,0,0,0,0,0,65
0,0,0,0,0,0,0,65
30,0,0,585,5,15,50,1610
55,0,0,380,0,35,45,2175
35,0,5,440,5,95,40,2280
65,0,5,715,5,110,45,2145
30,0,0,525,300,210,45,2690
15,0,10,30,5,10,5,545
15,0,10,15,10,0,0,600
15,0,10,25,5,0,5,620
20,0,0,30,0,0,25,675
15,0,20,25,65,25,10,725
0,0,0,0,0,0,0,45
0,0,0,0,0,0,0,45
0,0,0,0,0,0,0,45
0,0,0,0,0,0,0,50
35,0,10,90,5,5,10,335
0,0,0,110,10,0,0,440
5,0,5,0,0,10,25,415
25,0,5,65,5,15,25,350
20,0,0,25,70,10,35,390
0,0,0,20,0,30,5,280
0,0,0,30,0,35,0,290
15,0,0,30,0,15,5,295
10,0,0,0,0,0,0,330
0,0,0,30,30,30,0,305
0,0,0,10,0,10,0,180
20,0,0,30,0,0,20,145
0,0,0,30,0,10,0,185
0,0,0,0,5,5,5,215
0,0,0,0,0,0,0,240
15,0,0,125,5,10,15,385
75,0,0,165,0,0,15,335
25,0,25,35,5,0,5,500
30,0,10,115,15,0,10,360
20,0,0,110,45,0,15,360
15,0,0,5,0,15,0,265
10,0,0,0,0,10,10,265
40,0,0,35,0,0,5,210
5,0,5,30,0,15,5,205
15,0,0,10,25,0,0,205
3400,165,465,250,15,1150,865,14445
4295,155,515,785,20,1510,1130,15205
4705,205,480,775,20,1580,1370,16305
4765,210,520,795,25,1725,1505,17105
5095,235,485,855,8875,1740,1525,17250
0,0,0,0,0,0,0,40
0,0,0,0,0,0,0,75
0,0,0,5,0,0,0,35
0,0,0,5,0,0,0,45
0,0,0,0,0,0,0,60
10,0,0,30,5,15,0,295
40,0,0,20,10,10,0,305
0,0,5,30,0,20,10,300
10,0,0,20,0,20,5,320
10,0,0,40,55,30,10,300
20,0,0,40,0,10,5,630
25,0,0,155,0,10,10,590
35,0,0,195,0,25,5,580
15,0,5,190,0,40,5,570
20,0,0,165,55,30,0,580
0,0,0,10,5,0,0,45
0,0,0,0,0,0,0,50
0,0,0,0,0,0,0,60
0,0,0,5,0,0,0,40
0,0,0,10,0,0,0,40
0,0,0,105,0,5,0,1115
0,0,0,125,0,0,0,1060
0,0,0,120,0,0,0,1085
5,0,0,115,0,0,0,1065
0,0,0,110,15,0,10,1010
0,0,0,0,0,0,0,145
0,0,0,0,0,0,0,145
0,0,0,0,0,0,5,150
0,0,0,0,0,0,0,140
0,0,0,0,0,0,0,145
120,0,0,70,0,90,90,1645
115,0,10,70,0,165,100,1830
200,45,5,75,0,260,165,2330
185,35,55,115,0,355,155,2585
145,140,55,85,785,405,180,2760
5,0,0,15,0,0,0,85
0,0,0,15,0,15,0,75
0,0,0,0,0,5,0,100
5,0,5,20,0,0,0,85
0,0,0,20,0,0,0,70
5,0,5,740,15,0,5,3580
0,0,20,355,10,0,0,4270
0,0,10,585,15,0,30,4085
5,0,0,790,25,0,5,4195
0,0,0,510,20,0,0,4475
15,0,0,0,0,10,0,255
10,0,0,0,0,0,10,285
0,0,0,5,5,10,5,320
0,0,5,5,5,15,5,325
0,0,0,0,10,0,10,285
0,0,0,25,0,0,0,50
10,0,0,20,0,0,0,55
0,0,0,15,0,0,0,60
0,0,0,5,0,0,0,80
0,0,0,25,0,0,0,60
0,0,0,0,0,0,0,145
0,0,0,0,0,0,0,160
0,0,0,0,0,0,0,145
0,0,0,0,0,5,0,140
0,0,0,0,0,0,0,110
0,0,0,0,0,0,0,45
0,0,0,0,0,0,0,0
5,0,0,50,0,10,0,90
10,0,0,55,0,15,0,75
0,0,5,25,0,10,0,125
10,0,0,60,0,0,0,90
0,0,0,65,25,25,0,100
30,0,5,5,0,45,20,675
40,0,0,0,0,25,30,740
45,0,0,30,0,40,20,770
40,0,0,20,5,35,40,790
40,0,15,40,145,25,55,765
5,0,5,355,5,0,5,1840
0,0,0,335,10,0,0,1830
0,0,0,260,0,0,0,1955
5,0,0,380,0,0,10,2015
0,0,0,380,10,0,0,2015
0,0,0,5,5,0,10,200
0,0,0,0,0,0,10,215
5,0,5,0,0,25,10,285
0,0,5,0,5,30,5,365
15,0,0,0,35,10,10,410
0,0,0,0,0,0,0,100
0,0,0,0,0,0,0,110
0,0,0,0,0,0,0,95
0,0,0,0,0,0,0,110
0,0,0,0,0,0,0,130
0,0,0,0,0,0,0,20
0,0,0,0,20,0,20,35
0,0,0,175,0,0,0,1290
0,0,0,335,0,0,0,1015
0,0,0,155,0,0,0,1370
0,0,5,205,0,0,5,1320
0,0,0,195,0,0,0,1355
0,0,0,105,0,0,20,520
0,0,0,75,0,10,5,595
0,0,0,105,5,10,5,580
0,0,0,60,10,10,0,565
0,0,0,40,0,0,0,75
0,0,0,0,0,0,10,100
0,0,0,50,0,10,0,135
0,0,0,0,5,0,0,175
0,0,0,15,0,0,0,205
185,0,5,95,0,285,110,2980
490,0,40,0,0,390,295,4540
895,5,35,0,5,525,460,6500
950,5,115,40,0,630,470,7455
950,10,105,115,2215,635,530,8140
0,0,0,0,0,0,0,0
285,0,30,140,5,190,195,1745
520,0,80,135,30,85,275,1870
450,5,140,230,15,90,340,2120
515,0,165,215,15,160,370,2255
525,0,165,215,1260,205,360,2330
40,0,5,5,5,0,0,245
35,0,0,0,0,25,0,280
25,0,0,15,0,30,0,300
20,0,0,15,0,5,10,300
20,0,0,10,40,0,0,310
15,0,0,280,0,0,5,720
20,10,0,385,0,0,0,425
10,0,30,380,0,0,20,535
10,0,0,270,0,0,30,685
20,0,0,310,65,25,25,700
20,0,5,0,5,5,5,370
15,0,0,25,10,0,0,330
5,0,5,30,0,0,20,325
15,0,0,30,5,0,10,330
0,0,0,45,20,0,15,280
5,0,0,80,0,0,0,600
0,0,0,60,0,25,25,575
0,0,0,40,0,0,0,575
0,0,0,60,0,0,5,575
0,0,0,60,0,0,0,585
5,0,0,15,0,0,0,45
0,0,0,25,0,0,0,40
0,0,0,20,0,0,0,40
0,0,0,0,0,0,0,75
0,0,0,15,0,0,0,15
0,0,0,0,0,0,0,35
0,0,0,0,0,0,0,60
0,0,0,0,0,0,0,50
0,0,0,5,0,0,0,65
0,0,0,0,0,0,0,65
45,0,10,1130,15,10,15,7970
0,0,35,255,25,0,30,9880
20,0,5,1190,5,0,65,9655
25,5,10,1060,15,0,40,10460
50,0,0,1185,180,25,100,10580
0,0,0,60,0,0,5,460
0,0,0,40,0,0,0,480
0,0,0,50,0,0,0,450
20,0,0,40,0,0,5,520
10,0,0,30,10,0,0,540
450,50,50,85,5,100,145,1490
510,0,25,105,0,170,100,1490
490,0,40,180,0,110,155,1610
495,0,75,195,5,100,125,1605
580,0,55,180,870,120,110,1545
0,0,0,0,0,0,0,40
0,0,0,10,0,0,0,50
0,0,0,0,0,0,0,55
0,0,0,0,0,0,0,50
0,0,0,0,0,0,0,65
70,0,0,25,0,0,40,480
85,0,0,25,0,0,55,545
35,0,15,110,0,25,60,635
30,0,5,115,0,125,85,875
40,0,0,100,320,195,75,910
15,0,10,50,5,15,20,495
0,0,0,50,10,15,25,495
5,0,5,50,5,25,20,510
10,0,15,60,5,20,20,535
0,0,0,70,75,20,45,540
0,0,0,10,0,0,0,95
0,0,0,0,0,0,0,90
0,0,0,5,0,0,0,95
0,0,0,5,0,0,0,85
0,0,0,0,0,0,0,85
0,0,0,0,0,0,0,360
0,0,0,10,5,0,0,325
0,0,0,20,0,10,0,370
0,0,10,40,30,25,0,405
50,0,10,0,5,85,30,1275
50,0,0,100,10,75,15,1215
55,0,5,125,0,95,50,1165
60,0,0,120,5,70,50,1185
40,0,30,80,195,75,45,1245
5,0,5,110,10,0,0,985
0,0,0,70,25,0,10,1045
0,0,5,95,0,5,5,1045
0,0,0,130,0,5,5,975
0,0,0,40,20,0,15,1210
0,0,0,0,0,0,0,0
360,0,80,95,5,30,125,1915
350,0,100,140,0,60,105,1905
365,0,90,175,5,60,145,1945
440,0,115,185,5,80,150,2030
500,0,85,205,845,100,160,2040
5,0,10,445,5,0,0,2465
10,0,20,360,20,0,0,2625
0,0,0,480,5,0,0,2685
0,0,5,455,10,0,10,3055
0,0,0,205,20,0,10,3465
0,0,0,0,0,0,0,40
0,0,0,0,0,0,0,45
0,0,0,0,0,0,0,40
0,0,0,0,0,0,0,45
0,0,0,0,0,0,0,65
15,0,0,50,0,20,5,655
40,0,10,75,0,15,15,615
30,0,0,40,0,30,15,660
35,0,5,85,0,25,10,620
30,0,20,55,95,20,15,615
10,0,0,90,5,0,0,810
15,0,0,100,0,0,0,770
5,0,0,45,0,0,0,785
10,0,0,85,0,0,0,725
0,0,0,75,10,0,0,770
0,0,0,0,5,0,5,80
0,0,0,0,0,0,0,80
0,0,0,10,0,0,5,90
0,0,0,0,0,0,0,120
0,0,0,10,0,0,0,130
5,0,0,120,0,35,20,170
0,0,0,60,0,0,0,285
10,0,0,125,5,30,20,120
15,0,5,125,0,15,20,115
0,0,0,55,35,15,20,115
0,0,0,0,0,0,0,35
0,0,0,10,0,0,0,35
0,0,0,5,0,0,0,30
0,0,0,5,0,0,0,35
0,0,0,0,0,0,0,35
60,0,5,20,5,0,20,895
60,0,0,40,0,0,10,935
35,0,5,30,0,15,25,1055
0,0,20,25,0,15,20,1045
10,0,45,35,90,10,30,1205
5640,755,465,940,20,2800,2110,13265
7285,610,1110,905,30,3255,2730,16720
7340,555,1065,1080,35,3530,2970,19775
8415,590,1520,1085,35,4025,3255,21060
8495,590,1365,1040,17365,4130,3335,21515
5,0,10,1160,10,60,95,5055
0,10,30,685,15,65,100,5765
10,5,10,905,5,65,105,5545
70,0,5,1140,10,80,125,5660
120,0,10,985,430,135,155,6010
55,0,5,0,5,70,25,1405
65,0,15,80,10,110,65,1565
75,0,20,15,10,165,65,1735
200,0,5,100,10,85,65,1685
270,0,10,120,365,30,55,1700
50,0,0,50,0,40,10,665
95,0,0,45,0,25,25,680
35,0,0,30,0,45,5,655
25,0,0,55,0,55,20,705
50,0,10,60,160,85,20,650
80,0,5,105,0,25,25,640
30,0,10,115,0,55,30,710
40,0,5,105,0,65,55,715
30,0,25,115,0,130,35,745
120,0,15,80,265,75,45,765
0,0,0,0,0,0,0,35
0,0,0,0,0,0,0,30
0,0,0,0,0,0,0,45
0,0,0,0,0,0,0,45
0,0,0,0,0,0,0,70
380,0,50,280,15,125,210,1290
360,0,60,265,20,220,365,1305
340,0,40,290,10,160,260,1555
300,0,35,255,5,85,310,1605
365,0,25,270,790,85,315,1630
25,0,35,260,15,30,180,9240
10,0,15,145,15,60,480,10470
10,0,30,165,15,120,465,11275
10,0,30,175,25,125,535,12140
0,0,30,135,785,135,590,12985
15,0,0,0,0,0,0,125
10,0,0,0,0,0,0,130
0,0,0,5,0,0,0,135
15,0,0,0,0,0,0,130
0,0,0,0,15,0,0,125
0,0,0,0,0,0,0,75
0,0,0,0,0,0,0,75
0,0,0,10,0,0,0,65
0,0,0,15,0,0,0,75
0,0,0,10,0,0,0,65
10,0,0,5,5,5,0,105
10,0,0,50,0,0,0,75
0,0,0,30,0,10,0,95
0,0,0,40,0,0,0,110
0,0,0,0,0,0,0,125
0,0,0,0,0,0,0,50
0,0,0,0,0,0,0,80
0,0,0,0,0,0,5,55
0,0,0,0,0,0,0,60
0,0,0,0,0,0,0,55
10,0,0,50,0,10,0,185
0,0,20,10,15,0,0,230
5,0,5,0,0,5,0,265
10,0,0,0,0,10,0,255
10,0,0,55,20,0,0,160
0,0,0,0,5,10,5,170
10,0,0,35,0,0,10,150
0,0,0,20,0,10,0,180
0,0,0,40,0,0,5,160
15,0,0,40,20,0,0,165
0,0,0,160,5,0,0,780
0,0,55,55,0,0,0,795
0,0,0,150,0,0,5,725
0,0,0,120,5,0,0,710
0,0,0,55,0,0,0,820
0,0,0,0,0,0,0,0
0,0,0,0,0,0,0,855
0,10,0,50,0,0,0,735
0,0,0,25,0,30,0,785
0,0,0,30,0,25,5,725
0,0,0,30,40,40,0,710
0,0,0,0,0,0,0,0
0,0,0,0,0,0,0,80
0,0,0,0,0,0,0,115
0,0,0,5,0,0,0,100
0,0,0,0,0,5,0,120
0,0,0,15,0,0,0,140
0,10,0,0,0,0,0,10
10,0,0,0,0,0,0,10
15,0,0,0,0,0,0,15
0,0,0,0,0,0,0,15
0,0,0,0,0,0,0,0
5,0,0,0,0,0,0,50
0,0,0,0,0,0,0,90
0,0,0,0,0,0,0,65
0,0,0,5,0,0,0,75
0,0,0,0,0,0,0,110
25,0,0,5,5,5,5,320
40,0,0,20,0,0,10,295
20,0,5,35,5,0,5,315
15,0,0,25,0,5,10,315
30,0,0,30,45,0,0,285
30,0,0,10,5,35,20,440
90,0,0,10,10,25,30,495
35,0,15,10,5,50,25,670
50,5,5,5,5,40,45,720
80,0,0,0,165,35,50,685
0,0,0,70,0,0,0,640
0,0,0,10,0,0,0,845
0,0,0,15,0,0,0,790
0,0,0,0,0,0,10,935
0,0,0,0,10,0,10,1040
0,0,0,10,0,0,0,20
0,0,0,0,0,0,0,35
0,0,0,0,0,0,0,35
0,0,0,0,0,0,0,25
0,0,0,0,0,0,0,65
0,0,0,0,0,0,0,45
0,0,0,5,0,0,0,80
0,0,0,0,0,0,0,100
300,0,10,455,5,120,65,1170
295,0,15,480,0,155,125,1180
270,0,25,425,5,165,95,1300
405,0,10,405,5,165,115,1220
380,0,15,470,710,170,140,1225
20,0,0,5,5,20,0,380
40,0,0,40,0,10,10,360
15,0,0,30,0,15,5,365
30,0,10,0,5,5,5,370
30,0,0,30,65,20,0,345
0,0,0,65,10,0,0,1390
10,0,0,175,0,0,30,1025
0,0,0,125,5,0,0,1350
0,0,0,130,5,0,5,1415
0,0,0,135,10,0,0,1360
0,0,0,90,0,0,0,695
0,0,0,75,5,0,0,665
0,0,0,45,0,0,0,680
0,0,0,55,0,0,0,575
0,0,0,0,0,0,0,20
0,0,0,0,0,0,0,20
0,0,0,5,0,0,0,25
0,0,0,0,0,0,0,30
0,0,0,0,0,0,0,25
0,0,0,5,0,0,0,40
0,0,0,0,0,0,0,50
0,0,0,0,0,0,0,30
0,0,0,0,0,0,0,30
0,0,5,105,5,0,10,640
0,0,0,80,0,0,10,625
0,0,5,100,0,0,0,585
0,0,5,75,0,0,5,565
0,0,0,0,0,0,0,635
0,0,0,45,0,0,5,445
0,0,0,40,0,0,0,410
0,0,0,30,5,0,0,380
0,0,0,10,0,0,0,375
0,0,0,45,15,10,0,380
0,0,0,40,5,0,0,455
0,0,0,30,0,0,0,430
0,0,0,25,0,0,0,420
0,0,5,30,0,0,5,395
0,0,0,20,0,0,0,400
10,0,5,35,10,35,0,345
0,0,45,30,15,0,0,355
20,0,0,30,0,20,0,350
15,0,0,35,0,35,5,345
0,0,10,25,35,10,10,335
0,0,0,25,0,0,0,255
0,0,0,10,10,0,0,205
0,0,0,35,0,0,0,250
0,0,0,10,0,0,0,265
0,0,0,20,0,0,0,230
0,0,0,5,0,0,0,165
0,0,0,0,0,0,0,185
0,0,0,0,0,0,0,205
0,0,0,0,0,0,0,260
0,0,0,0,0,0,0,280
510,0,25,290,5,205,170,4255
830,10,35,250,0,300,395,5250
1065,90,40,285,5,420,785,6930
1800,70,50,310,10,725,1465,8125
2115,70,70,340,4820,850,1780,9045
1665,115,85,0,0,1630,720,13860
2070,110,140,0,0,1630,1115,15480
2345,110,155,5,0,1730,1480,16690
2775,140,190,5,0,1730,1585,17530
3465,295,125,45,7330,1920,1815,18265
285,0,25,80,0,55,60,1435
290,0,25,70,10,55,105,1405
335,0,10,75,5,80,90,1580
385,0,45,80,5,80,90,1575
360,0,55,85,565,75,70,1635
15,0,5,230,5,0,5,1930
10,0,0,260,0,0,0,1925
20,0,5,210,5,5,0,1965
0,0,5,240,5,0,5,2080
0,0,0,245,15,10,0,2225
0,5,0,20,0,0,5,125
10,0,0,0,0,0,0,140
5,0,0,15,0,0,0,125
0,0,0,0,0,0,5,140
0,0,0,15,0,0,0,130
0,0,0,80,0,0,0,580
0,0,0,55,0,40,0,590
5,0,0,45,0,0,0,540
0,0,0,55,0,0,0,555
0,0,0,30,0,0,0,560
5,0,0,35,0,10,5,155
0,0,0,0,0,0,0,210
5,0,0,30,0,0,5,200
10,0,0,15,0,0,10,230
0,0,0,40,15,0,15,230
260,0,35,190,20,90,30,1500
255,0,25,170,15,80,65,1570
300,0,35,230,5,105,90,1585
260,0,25,125,20,155,95,1730
250,0,30,260,515,135,100,1605
0,0,5,120,0,0,0,1605
0,0,0,170,0,10,10,1535
0,0,0,160,5,0,0,1575
0,0,0,175,5,0,5,1665
0,0,0,230,0,0,0,1715
0,0,5,0,0,5,0,255
0,0,10,25,0,10,0,235
5,0,10,25,0,5,0,290
5,0,5,25,0,5,0,275
0,0,0,0,10,0,0,320
0,0,0,15,0,0,0,440
0,0,10,25,0,0,0,490
0,0,0,60,0,0,0,665
0,0,0,5,0,15,0,715
0,0,0,0,0,0,0,0
530,0,10,140,5,170,145,2330
895,10,35,10,0,205,245,3220
1165,0,30,310,10,225,470,3610
1215,65,75,155,5,280,685,4165
1285,180,75,390,2425,315,745,4140
0,0,0,30,0,35,5,170
30,0,0,10,0,0,0,180
110,90,0,10,0,10,5,235
150,105,0,0,170,10,0,310
560,5,100,120,5,1045,550,21510
965,0,105,670,10,1135,1135,24625
1615,275,90,910,5,1275,1580,27375
2160,305,75,865,0,1465,2050,28640
2495,330,75,915,6330,1590,2155,29555
270,0,15,300,0,225,225,1690
450,0,15,160,0,280,410,2465
505,0,35,185,5,365,520,2970
650,0,50,220,5,540,605,3075
735,0,50,225,2055,550,715,3230
25,0,5,345,10,0,275,4895
0,0,15,230,10,0,300,5480
0,0,5,495,5,0,295,5750
0,0,10,445,5,0,285,6125
10,0,0,405,340,15,315,6280
0,0,0,40,0,5,0,190
0,0,0,20,10,250,0,0
0,0,0,65,0,10,0,250
0,0,0,35,0,10,0,380
0,0,0,45,10,10,0,375
0,0,0,5,0,0,0,10
0,0,0,0,0,0,0,0
0,0,0,10,0,0,0,135
0,0,10,10,0,0,10,165
0,0,0,40,0,5,15,175
0,0,0,30,0,5,10,190
0,0,0,35,20,20,0,190
0,0,0,0,0,0,0,35
0,0,0,0,0,0,0,35
0,0,0,0,0,0,0,40
0,0,0,0,0,0,0,30
0,0,0,15,0,0,5,90
0,0,0,0,0,0,0,90
0,0,5,25,0,0,0,145
0,0,0,0,0,5,0,165
0,0,0,0,15,15,0,160
0,0,5,0,0,0,0,30
0,0,0,0,0,0,0,30
0,0,0,0,0,0,0,0
50,0,5,10,0,80,45,745
50,0,0,0,0,105,65,815
95,10,10,315,5,50,65,595
135,0,5,140,5,45,70,785
110,0,0,335,250,70,70,600
0,0,0,0,0,0,0,40
0,0,0,0,0,0,0,70
0,0,0,5,0,0,0,70
0,0,0,0,0,0,0,70
0,0,0,0,0,0,0,85
0,0,0,0,0,0,0,30
0,0,0,0,0,0,0,45
0,0,0,0,0,0,0,25
0,0,0,0,0,0,0,25
0,0,0,0,0,0,0,25
0,0,0,0,0,0,0,75
0,0,0,0,0,0,0,90
0,0,0,0,0,0,0,75
0,0,0,0,0,0,0,100
50,0,0,20,5,55,10,490
85,0,0,0,0,65,10,465
30,0,15,80,0,55,5,395
40,0,0,95,0,35,10,355
20,0,0,15,55,15,15,420
0,0,0,30,0,0,0,55
0,0,0,0,0,0,0,90
0,0,0,35,0,0,5,60
0,0,0,40,0,20,0,60
0,0,0,50,10,10,0,55
205,0,25,175,10,170,220,1865
280,10,60,160,0,240,240,2675
380,0,165,165,5,345,260,3270
480,15,190,195,0,650,255,3825
535,135,215,165,1880,810,320,4215
0,0,0,120,0,0,0,1555
0,0,10,120,0,0,0,1585
5,0,0,125,0,0,10,1695
375,0,110,120,5,70,195,2285
425,0,135,130,810,65,190,2405
305,0,55,115,5,95,115,2130
375,0,55,90,0,80,100,2200
385,0,55,130,0,80,165,2275
5,0,0,160,0,0,5,1685
0,0,0,140,25,0,10,1805
0,0,0,0,0,0,0,40
0,0,0,5,0,5,5,30
0,0,0,10,0,5,5,35
0,0,0,10,10,10,0,40
0,0,0,10,0,0,0,35
0,0,0,0,0,0,0,30
0,0,0,10,0,0,5,30
0,0,0,5,0,0,5,45
0,0,0,10,0,0,0,35
0,0,0,0,0,0,0,0
0,0,10,155,25,25,10,1185
10,0,0,180,15,10,10,1220
0,0,0,145,5,30,0,1275
0,0,0,165,10,25,10,1195
0,0,0,180,35,0,15,1120
25,0,0,35,5,0,5,265
20,0,0,40,0,30,10,285
10,0,0,5,0,20,10,285
25,0,0,35,0,5,15,315
20,0,0,50,50,15,15,305
115,0,70,50,5,40,40,755
80,0,65,20,35,55,30,810
95,0,35,25,0,65,60,895
100,0,55,95,20,60,80,825
90,0,15,20,265,50,115,885
55,0,0,25,0,5,10,595
55,0,10,0,0,15,0,640
105,0,15,30,0,35,20,645
85,0,0,20,0,10,45,655
90,0,0,25,135,20,30,650
10,0,0,35,5,30,0,335
10,0,0,20,10,10,20,330
20,0,5,30,5,0,10,340
5,0,0,40,5,20,15,330
20,0,15,40,70,10,10,310
0,0,0,0,0,5,0,615
0,0,0,0,0,0,0,540
0,0,0,0,0,0,0,490
0,0,0,0,0,0,0,0
15,0,0,15,0,5,70,520
15,0,0,15,0,0,295,435
10,0,0,25,0,10,115,725
10,0,0,0,0,15,125,870
15,0,0,0,180,15,150,895
15,0,5,5,0,25,5,390
15,0,0,10,10,50,0,370
5,15,10,15,0,25,0,395
15,0,10,15,0,0,0,360
20,0,0,0,30,10,0,410
0,0,0,60,5,0,0,905
0,0,0,85,0,0,0,910
0,0,0,100,0,5,0,955
0,0,0,65,0,0,0,1035
0,0,0,65,10,0,0,1075
0,0,0,10,0,0,0,110
0,0,0,0,0,0,0,165
0,0,0,30,0,0,0,145
0,0,0,0,0,0,0,205
0,0,0,25,0,0,0,210
0,0,0,10,0,0,0,90
0,0,0,10,0,0,0,90
0,0,0,0,0,0,0,95
0,0,0,5,0,0,0,95
0,0,0,0,0,0,0,90
0,0,0,95,0,5,5,100
0,0,0,0,0,0,0,190
0,0,0,40,0,0,0,90
0,0,5,70,5,0,0,85
0,0,0,75,0,0,0,115
0,0,0,5,0,0,0,25
0,0,0,0,0,0,0,30
0,0,0,15,0,0,0,20
0,0,0,10,0,0,0,15
0,0,0,15,0,0,0,15
0,0,0,10,0,0,0,60
0,0,0,0,0,0,0,80
0,0,0,10,0,0,0,70
0,0,0,5,0,0,0,125
0,0,0,0,0,0,0,90
95,0,5,10,5,25,15,520
75,0,0,160,10,30,45,390
60,0,0,90,10,60,15,495
85,0,5,100,5,60,20,470
65,0,10,165,155,55,25,345
25,0,5,45,0,10,5,320
10,0,0,15,20,20,10,335
15,0,0,55,5,20,5,325
15,0,5,55,0,10,5,325
15,0,0,45,40,15,0,355
295,0,5,40,5,55,65,1795
370,0,20,30,0,50,85,1820
340,5,20,65,0,60,75,1865
320,0,10,65,0,80,110,1845
350,0,25,75,545,85,85,1840
180,0,25,70,5,50,20,1225
210,0,70,25,0,80,10,1235
215,0,50,5,0,50,20,1305
190,0,60,70,0,95,30,1310
190,0,50,70,305,50,15,1300
5,0,0,180,0,5,5,2420
10,0,25,250,10,0,40,2310
5,0,0,165,0,0,15,2615
0,0,0,220,5,5,5,2745
0,0,0,250,10,10,0,2740
0,0,0,15,0,0,0,100
0,0,0,0,0,0,0,125
0,0,0,20,0,0,0,85
0,0,0,5,0,0,0,95
0,0,0,0,0,0,0,100
20,0,0,45,5,5,0,375
15,0,0,45,0,0,30,350
0,0,15,30,0,10,5,390
15,0,0,40,0,15,0,395
0,0,0,25,15,15,0,390
0,0,0,5,5,10,0,115
10,0,0,0,0,10,0,110
5,0,0,0,0,0,5,100
0,0,0,15,0,5,10,80
0,0,0,15,0,0,0,90
50,0,0,15,0,35,15,575
10,0,0,50,0,45,50,615
20,0,10,15,0,50,50,625
40,0,15,45,0,35,40,650
15,0,15,40,155,40,85,615
0,0,0,90,5,0,5,1030
0,0,0,55,0,0,0,1075
0,0,0,40,0,5,0,1055
0,0,0,90,0,5,5,1080
0,0,0,30,0,0,0,1175
20,0,0,40,0,0,0,175
20,0,0,0,0,10,0,215
15,0,0,30,0,0,0,215
10,0,0,50,0,10,0,195
0,0,0,25,0,0,0,155
0,0,0,15,0,0,0,180
0,0,0,0,0,0,0,205
0,0,0,35,0,0,0,305
0,0,0,15,10,0,10,180
0,0,0,0,0,0,0,0
0,0,0,5,0,0,0,10
0,0,0,10,0,0,0,15
0,0,0,15,0,0,0,20
0,0,0,20,0,0,5,20
0,0,0,20,0,0,0,20
0,0,0,50,0,0,0,70
0,0,0,45,0,10,0,95
0,0,0,60,0,5,0,110
0,0,0,50,0,5,10,120
0,0,0,65,15,15,0,105
0,0,0,0,0,0,0,30
0,0,0,0,0,0,0,35
0,0,0,10,0,0,0,40
0,0,0,10,0,0,0,30
0,0,0,10,0,0,0,30
0,0,0,20,0,0,0,25
0,0,0,20,0,0,0,35
0,0,0,20,0,0,0,35
0,0,0,15,0,0,0,30
0,0,0,20,0,0,0,30
0,0,0,100,0,0,0,105
0,0,0,110,0,0,0,105
0,0,0,125,0,0,0,115
0,0,0,140,0,0,0,110
0,0,0,135,0,0,0,95
215,0,20,110,0,130,50,1550
255,10,50,125,0,125,105,1490
235,5,55,75,0,140,120,1750
250,0,115,110,5,165,185,1705
240,0,150,130,770,175,205,1765
0,0,0,75,0,105,5,1060
0,0,0,95,0,110,10,995
0,0,0,70,0,0,5,1150
5,0,0,120,0,80,60,1195
0,0,0,85,135,85,50,1275
0,0,0,0,0,0,0,20
0,0,0,0,0,0,0,25
0,0,0,0,0,0,0,0
0,0,5,20,25,0,5,150
10,15,0,20,0,10,0,190
5,0,5,60,5,0,0,235
0,0,0,60,5,0,0,240
0,0,0,90,0,0,0,195
5,0,0,15,0,0,5,150
0,0,0,10,0,0,0,130
5,0,0,0,0,0,0,155
5,0,0,15,0,5,5,145
0,0,0,15,10,0,0,150
0,0,0,40,0,5,0,785
10,0,0,30,0,0,0,780
0,0,0,15,0,0,0,800
0,0,0,45,0,5,0,765
0,0,0,15,10,0,0,880
0,0,0,0,0,15,0,110
10,0,0,0,20,0,0,95
0,0,5,0,5,0,0,110
0,0,0,10,5,5,0,85
0,0,0,0,0,0,0,110
20,0,0,10,0,0,35,415
25,0,0,85,0,0,10,365
25,0,0,80,0,0,25,380
20,0,0,20,0,0,30,500
0,0,20,70,30,0,0,450
0,0,0,0,0,0,0,20
0,0,0,0,0,0,0,25
0,0,0,0,0,0,0,30
0,0,0,0,0,0,0,40
0,0,0,0,0,0,0,70
0,0,0,0,0,0,0,50
0,0,0,0,0,0,0,75
0,0,0,10,0,0,0,125
365,0,30,110,5,50,50,1430
360,0,25,35,10,60,40,1540
330,0,35,160,0,50,80,1380
350,5,50,150,0,50,95,1440
320,0,40,140,500,50,90,1510
0,0,5,265,0,5,0,2115
10,0,0,320,0,10,10,2050
5,5,5,295,5,0,10,2375
0,0,5,275,0,5,5,2390
0,0,0,395,0,0,0,2280
950,0,20,120,20,340,235,2840
975,0,105,155,10,365,350,2810
1130,0,65,160,20,360,365,3030
985,0,160,160,15,420,355,3020
980,0,155,165,2000,435,425,3015
5,0,0,420,0,5,15,3420
0,0,10,570,50,10,100,3200
10,0,10,460,10,10,40,3615
10,0,5,455,20,10,45,3830
0,0,0,395,70,15,45,4030
0,0,10,310,5,5,15,2040
30,0,0,240,0,10,10,2210
0,0,10,285,5,10,15,2340
0,0,10,260,5,5,65,2495
0,0,20,210,90,0,65,2545
0,0,0,5,0,0,0,35
0,0,0,10,0,0,0,50
0,0,0,5,0,0,0,40
0,0,0,5,0,0,0,60
0,0,0,0,0,0,0,55
0,0,0,10,0,0,0,220
0,0,0,20,0,0,10,260
0,0,0,25,0,0,0,265
0,0,0,20,0,0,0,270
0,0,0,15,0,10,0,265
0,0,0,0,0,0,0,30
0,0,0,0,0,0,0,45
0,0,0,0,0,0,0,60
0,0,0,0,0,0,0,75
495,20,65,585,0,75,150,1525
310,10,215,655,0,85,240,1770
375,0,165,710,0,145,295,1940
495,0,80,740,5,135,285,2005
610,0,65,745,1100,120,300,2035
0,0,0,10,5,0,0,125
0,0,0,0,0,0,0,145
5,0,0,0,0,0,0,125
0,0,0,15,0,0,0,115
5,0,0,80,0,5,10,1460
0,0,10,135,0,10,10,1500
5,0,0,115,0,0,5,1475
15,0,0,105,5,20,10,1525
0,0,0,95,10,0,0,1775
2850,210,50,755,10,1365,785,7740
3385,500,380,2465,0,1755,970,8525
4640,555,325,2775,5,2270,1340,11165
5235,580,420,2550,0,2810,1220,12835
5645,845,475,2615,9990,2605,1260,12480
0,0,0,15,0,0,10,80
0,0,0,45,0,0,15,45
0,0,0,35,0,0,5,125
0,0,0,50,0,0,5,130
0,0,0,40,10,10,0,125
0,0,0,5,0,0,0,20
0,0,0,15,0,0,0,10
0,0,0,5,0,0,0,30
0,0,0,5,0,0,0,30
0,0,0,10,0,0,0,25
5,0,0,375,40,0,0,945
0,0,10,290,15,0,60,1130
5,0,5,290,0,0,5,1295
0,0,5,200,5,10,0,1595
0,0,0,350,0,0,0,1390
45,0,10,785,5,10,15,2745
65,0,20,700,0,10,15,2995
45,0,35,705,5,5,10,3270
100,0,5,815,15,5,15,3355
45,0,0,780,100,0,25,3290
0,0,0,0,0,0,0,50
0,0,0,0,0,0,0,75
0,0,0,0,0,0,0,55
0,0,0,0,0,0,0,65
0,0,0,0,0,0,0,50
0,0,0,5,0,0,0,75
0,0,0,20,0,0,0,65
0,0,0,10,0,0,0,70
0,0,0,15,0,0,0,50
0,0,0,0,0,0,0,65
