CSDUID,CSD,Period,Natural Gas Production (m^3)
4805026,Drumheller,2003,104493.2
4805026,Drumheller,2004,105486.4
4805026,Drumheller,2005,130930.0
4805026,Drumheller,2006,128564.0
4805026,Drumheller,2007,124354.0
4805026,Drumheller,2008,107045.4
4805026,Drumheller,2009,105952.6
4805026,Drumheller,2010,91795.7
4805026,Drumheller,2011,84747.1
4805026,Drumheller,2012,70629.2
4805026,Drumheller,2013,63666.5
4805026,Drumheller,2014,58207.0
4805026,Drumheller,2015,52249.0
4805026,Drumheller,2016,52705.7
4805026,Drumheller,2017,53841.5
4805026,Drumheller,2018,45710.9
4805026,Drumheller,2019,48076.6
4805026,Drumheller,2020,50547.4
4805026,Drumheller,2021,54286.5
4805026,Drumheller,2022,52454.7
4805026,Drumheller,2023,74020.9
4805031,Starland County,2023,373968.7
4805031,Starland County,2003,937284.5
4805031,Starland County,2004,1080877.2
4805031,Starland County,2005,1227728.0
4805031,Starland County,2006,1436376.0
4805031,Starland County,2007,1421712.0
4805031,Starland County,2008,1289980.0
4805031,Starland County,2009,1188094.0
4805031,Starland County,2010,1063121.9
4805031,Starland County,2011,949918.8
4805031,Starland County,2012,860260.1
4805031,Starland County,2013,805825.5
4805031,Starland County,2014,759487.3
4805031,Starland County,2015,714994.6
4805031,Starland County,2016,662882.6
4805031,Starland County,2017,642743.0
4805031,Starland County,2018,562042.6
4805031,Starland County,2019,353518.2
4805031,Starland County,2020,341682.9
4805031,Starland County,2021,426781.8
4805031,Starland County,2022,426395.5
4805041,Kneehill County,2003,2733819.1
4805041,Kneehill County,2004,2640148.1
4805041,Kneehill County,2005,2804363.0
4805041,Kneehill County,2006,3244827.0
4805041,Kneehill County,2007,4042910.0
4805041,Kneehill County,2008,4036484.1
4805041,Kneehill County,2009,4175446.9
4805041,Kneehill County,2010,3896734.3
4805041,Kneehill County,2011,3740434.3
4805041,Kneehill County,2012,3346976.4
4805041,Kneehill County,2013,3517555.0
4805041,Kneehill County,2014,3315932.8
4805041,Kneehill County,2015,2847817.4
4805041,Kneehill County,2016,2790904.1
4805041,Kneehill County,2017,2620111.9
4805041,Kneehill County,2018,2452892.3
4805041,Kneehill County,2019,2208505.2
4805041,Kneehill County,2020,2087454.9
4805041,Kneehill County,2021,2536001.7
4805041,Kneehill County,2022,2325108.4
4805041,Kneehill County,2023,1857801.1
4802001,Warner County No. 5,2023,318272.4
4802001,Warner County No. 5,2003,287307.7
4802001,Warner County No. 5,2004,333169.9
4802001,Warner County No. 5,2005,272485.0
4802001,Warner County No. 5,2006,235071.0
4802001,Warner County No. 5,2007,187894.0
4802001,Warner County No. 5,2008,141761.7
4802001,Warner County No. 5,2009,121447.8
4802001,Warner County No. 5,2010,105293.1
4802001,Warner County No. 5,2011,81705.0
4802001,Warner County No. 5,2012,78897.2
4802001,Warner County No. 5,2013,84459.9
4802001,Warner County No. 5,2014,100252.3
4802001,Warner County No. 5,2015,105691.6
4802001,Warner County No. 5,2016,135583.0
4802001,Warner County No. 5,2017,227342.0
4802001,Warner County No. 5,2018,229669.1
4802001,Warner County No. 5,2019,156978.0
4802001,Warner County No. 5,2020,200245.7
4802001,Warner County No. 5,2021,235377.7
4802001,Warner County No. 5,2022,256123.4
4807049,Wainwright No. 61,2003,1190694.9
4807049,Wainwright No. 61,2004,1128134.8
4807049,Wainwright No. 61,2005,1078749.0
4807049,Wainwright No. 61,2006,987667.0
4807049,Wainwright No. 61,2007,859126.0
4807049,Wainwright No. 61,2008,785400.6
4807049,Wainwright No. 61,2009,666649.6
4807049,Wainwright No. 61,2010,601637.2
4807049,Wainwright No. 61,2011,543799.5
4807049,Wainwright No. 61,2012,458472.4
4807049,Wainwright No. 61,2013,424115.5
4807049,Wainwright No. 61,2014,387308.2
4807049,Wainwright No. 61,2015,353105.3
4807049,Wainwright No. 61,2016,311156.8
4807049,Wainwright No. 61,2017,289337.7
4807049,Wainwright No. 61,2018,251670.9
4807049,Wainwright No. 61,2019,215851.6
4807049,Wainwright No. 61,2020,190915.7
4807049,Wainwright No. 61,2021,205894.6
4807049,Wainwright No. 61,2022,206951.3
4807049,Wainwright No. 61,2023,227334.4
4808001,Red Deer County,2023,994619.4
4808001,Red Deer County,2003,1979218.2
4808001,Red Deer County,2004,2080673.7
4808001,Red Deer County,2005,2304709.0
4808001,Red Deer County,2006,2634789.0
4808001,Red Deer County,2007,2854440.0
4808001,Red Deer County,2008,2744352.2
4808001,Red Deer County,2009,2634385.5
4808001,Red Deer County,2010,2504020.2
4808001,Red Deer County,2011,2305479.6
4808001,Red Deer County,2012,2022494.6
4808001,Red Deer County,2013,1866733.3
4808001,Red Deer County,2014,1717076.0
4808001,Red Deer County,2015,1579903.5
4808001,Red Deer County,2016,1446429.8
4808001,Red Deer County,2017,1329784.5
4808001,Red Deer County,2018,1212224.1
4808001,Red Deer County,2019,1067908.8
4808001,Red Deer County,2020,1027146.2
4808001,Red Deer County,2021,1000151.5
4808001,Red Deer County,2022,984383.1
4805012,Wheatland County,2003,3893805.1
4805012,Wheatland County,2004,4272065.4
4805012,Wheatland County,2005,4901186.0
4805012,Wheatland County,2006,5336082.0
4805012,Wheatland County,2007,4616081.0
4805012,Wheatland County,2008,4909943.6
4805012,Wheatland County,2009,4925646.5
4805012,Wheatland County,2010,4416255.1
4805012,Wheatland County,2011,4255050.8
4805012,Wheatland County,2012,3272470.7
4805012,Wheatland County,2013,3433154.8
4805012,Wheatland County,2014,4139542.5
4805012,Wheatland County,2015,3223844.7
4805012,Wheatland County,2016,2923650.6
4805012,Wheatland County,2017,2985446.5
4805012,Wheatland County,2018,2971483.5
4805012,Wheatland County,2019,2999838.3
4805012,Wheatland County,2020,2690416.2
4805012,Wheatland County,2021,2759920.4
4805012,Wheatland County,2022,3252581.4
4805012,Wheatland County,2023,2070577.5
4807019,Stettler County No. 6,2023,467262.9
4807019,Stettler County No. 6,2003,1363478.8
4807019,Stettler County No. 6,2004,1369498.8
4807019,Stettler County No. 6,2005,1483391.0
4807019,Stettler County No. 6,2006,1664465.0
4807019,Stettler County No. 6,2007,1789772.0
4807019,Stettler County No. 6,2008,1763020.0
4807019,Stettler County No. 6,2009,1646666.4
4807019,Stettler County No. 6,2010,1510071.3
4807019,Stettler County No. 6,2011,1354212.4
4807019,Stettler County No. 6,2012,1190688.2
4807019,Stettler County No. 6,2013,1069946.8
4807019,Stettler County No. 6,2014,984030.2
4807019,Stettler County No. 6,2015,925508.7
4807019,Stettler County No. 6,2016,833112.0
4807019,Stettler County No. 6,2017,766146.2
4807019,Stettler County No. 6,2018,622179.9
4807019,Stettler County No. 6,2019,432443.2
4807019,Stettler County No. 6,2020,428798.2
4807019,Stettler County No. 6,2021,503773.2
4807019,Stettler County No. 6,2022,487572.7
4808022,Lacombe County,2003,2166180.0
4808022,Lacombe County,2004,2188211.2
4808022,Lacombe County,2005,2393088.0
4808022,Lacombe County,2006,2513426.0
4808022,Lacombe County,2007,2599446.0
4808022,Lacombe County,2008,2693157.0
4808022,Lacombe County,2009,2543605.1
4808022,Lacombe County,2010,2391085.6
4808022,Lacombe County,2011,2216369.9
4808022,Lacombe County,2012,1915446.1
4808022,Lacombe County,2013,1735472.9
4808022,Lacombe County,2014,1619780.4
4808022,Lacombe County,2015,1522961.6
4808022,Lacombe County,2016,1349344.5
4808022,Lacombe County,2017,1261976.8
4808022,Lacombe County,2018,1176379.0
4808022,Lacombe County,2019,1050831.9
4808022,Lacombe County,2020,971766.3
4808022,Lacombe County,2021,1353589.0
4808022,Lacombe County,2022,1450826.5
4808022,Lacombe County,2023,1365301.7
4807031,Flagstaff County,2023,60473.9
4807031,Flagstaff County,2003,493697.1
4807031,Flagstaff County,2004,526371.6
4807031,Flagstaff County,2005,576754.0
4807031,Flagstaff County,2006,622465.0
4807031,Flagstaff County,2007,598896.0
4807031,Flagstaff County,2008,543166.7
4807031,Flagstaff County,2009,431419.3
4807031,Flagstaff County,2010,372242.0
4807031,Flagstaff County,2011,328162.4
4807031,Flagstaff County,2012,261922.5
4807031,Flagstaff County,2013,235366.8
4807031,Flagstaff County,2014,226713.9
4807031,Flagstaff County,2015,191273.9
4807031,Flagstaff County,2016,147323.0
4807031,Flagstaff County,2017,130601.5
4807031,Flagstaff County,2018,108391.6
4807031,Flagstaff County,2019,90092.4
4807031,Flagstaff County,2020,70833.3
4807031,Flagstaff County,2021,67723.4
4807031,Flagstaff County,2022,62041.9
4807011,Paintearth County No. 18,2003,569680.6
4807011,Paintearth County No. 18,2004,613586.2
4807011,Paintearth County No. 18,2005,659749.0
4807011,Paintearth County No. 18,2006,664138.0
4807011,Paintearth County No. 18,2007,613900.0
4807011,Paintearth County No. 18,2008,575508.2
4807011,Paintearth County No. 18,2009,497683.4
4807011,Paintearth County No. 18,2010,422880.4
4807011,Paintearth County No. 18,2011,356859.8
4807011,Paintearth County No. 18,2012,324253.6
4807011,Paintearth County No. 18,2013,271645.8
4807011,Paintearth County No. 18,2014,257508.9
4807011,Paintearth County No. 18,2015,237604.7
4807011,Paintearth County No. 18,2016,196404.5
4807011,Paintearth County No. 18,2017,167799.8
4807011,Paintearth County No. 18,2018,145070.8
4807011,Paintearth County No. 18,2019,121046.1
4807011,Paintearth County No. 18,2020,111885.9
4807011,Paintearth County No. 18,2021,110112.5
4807011,Paintearth County No. 18,2022,113647.8
4807011,Paintearth County No. 18,2023,135472.1
4810001,Camrose County,2023,238593.9
4810001,Camrose County,2003,640299.1
4810001,Camrose County,2004,669394.5
4810001,Camrose County,2005,787786.0
4810001,Camrose County,2006,947898.0
4810001,Camrose County,2007,1009882.0
4810001,Camrose County,2008,968511.6
4810001,Camrose County,2009,848457.5
4810001,Camrose County,2010,724208.1
4810001,Camrose County,2011,617719.5
4810001,Camrose County,2012,494677.7
4810001,Camrose County,2013,455999.7
4810001,Camrose County,2014,416145.3
4810001,Camrose County,2015,379929.5
4810001,Camrose County,2016,335967.6
4810001,Camrose County,2017,321230.0
4810001,Camrose County,2018,289939.2
4810001,Camrose County,2019,240783.1
4810001,Camrose County,2020,266874.2
4810001,Camrose County,2021,262896.1
4810001,Camrose County,2022,249007.8
4811056,Fort Saskatchewan,2003,0.0
4811056,Fort Saskatchewan,2004,0.0
4811056,Fort Saskatchewan,2005,0.0
4811056,Fort Saskatchewan,2006,0.0
4811056,Fort Saskatchewan,2007,0.0
4811056,Fort Saskatchewan,2012,0.0
4811061,Edmonton,2023,905.5
4811061,Edmonton,2003,16594.0
4811061,Edmonton,2004,9738.5
4811061,Edmonton,2005,7058.0
4811061,Edmonton,2006,4519.0
4811061,Edmonton,2007,5014.0
4811061,Edmonton,2008,4979.2
4811061,Edmonton,2009,5214.7
4811061,Edmonton,2010,4747.5
4811061,Edmonton,2011,4804.3
4811061,Edmonton,2012,4106.6
4811061,Edmonton,2013,3946.6
4811061,Edmonton,2014,2750.1
4811061,Edmonton,2015,1088.6
4811061,Edmonton,2016,786.4
4811061,Edmonton,2017,1143.5
4811061,Edmonton,2018,1212.0
4811061,Edmonton,2019,1125.1
4811061,Edmonton,2020,1057.9
4811061,Edmonton,2021,825.3
4811061,Edmonton,2022,793.9
4803001,Cardston County,2003,148796.2
4803001,Cardston County,2004,147599.0
4803001,Cardston County,2005,128191.0
4803001,Cardston County,2006,127557.0
4803001,Cardston County,2007,108862.0
4803001,Cardston County,2008,84848.5
4803001,Cardston County,2009,59250.6
4803001,Cardston County,2010,79610.7
4803001,Cardston County,2011,78314.2
4803001,Cardston County,2012,60095.1
4803001,Cardston County,2013,69009.2
4803001,Cardston County,2014,68909.4
4803001,Cardston County,2015,67470.8
4803001,Cardston County,2016,51067.1
4803001,Cardston County,2017,45380.3
4803001,Cardston County,2018,42314.8
4803001,Cardston County,2019,29627.5
4803001,Cardston County,2020,28850.2
4803001,Cardston County,2021,25822.0
4803001,Cardston County,2022,25448.0
4803001,Cardston County,2023,18979.2
4803003,Improvement District No.  4 Waterton,2023,22525.4
4803003,Improvement District No.  4 Waterton,2003,42597.8
4803003,Improvement District No.  4 Waterton,2004,60608.3
4803003,Improvement District No.  4 Waterton,2005,59055.0
4803003,Improvement District No.  4 Waterton,2006,57749.0
4803003,Improvement District No.  4 Waterton,2007,51689.0
4803003,Improvement District No.  4 Waterton,2008,31396.9
4803003,Improvement District No.  4 Waterton,2009,11364.1
4803003,Improvement District No.  4 Waterton,2010,58203.9
4803003,Improvement District No.  4 Waterton,2011,51477.9
4803003,Improvement District No.  4 Waterton,2012,32773.0
4803003,Improvement District No.  4 Waterton,2013,52551.6
4803003,Improvement District No.  4 Waterton,2014,45031.8
4803003,Improvement District No.  4 Waterton,2015,42544.4
4803003,Improvement District No.  4 Waterton,2016,45296.2
4803003,Improvement District No.  4 Waterton,2017,37953.2
4803003,Improvement District No.  4 Waterton,2018,41441.4
4803003,Improvement District No.  4 Waterton,2019,38709.7
4803003,Improvement District No.  4 Waterton,2020,38751.7
4803003,Improvement District No.  4 Waterton,2021,35584.5
4803003,Improvement District No.  4 Waterton,2022,37482.3
4802031,Newell County,2003,6640341.2
4802031,Newell County,2004,7170622.1
4802031,Newell County,2005,7466676.0
4802031,Newell County,2006,7109792.0
4802031,Newell County,2007,6823892.0
4802031,Newell County,2008,6473355.0
4802031,Newell County,2009,6021095.6
4802031,Newell County,2010,5640765.4
4802031,Newell County,2011,5375561.1
4802031,Newell County,2012,5028498.1
4802031,Newell County,2013,4577960.7
4802031,Newell County,2014,4252540.9
4802031,Newell County,2015,4017361.4
4802031,Newell County,2016,3851232.7
4802031,Newell County,2017,3785205.9
4802031,Newell County,2018,3569412.2
4802031,Newell County,2019,3406801.9
4802031,Newell County,2020,3300287.9
4802031,Newell County,2021,3185401.6
4802031,Newell County,2022,3090067.9
4802031,Newell County,2023,3045655.0
4808038,Ponoka County,2023,1482385.7
4808038,Ponoka County,2003,2643313.4
4808038,Ponoka County,2004,2894463.5
4808038,Ponoka County,2005,3251858.0
4808038,Ponoka County,2006,3633671.0
4808038,Ponoka County,2007,3384974.0
4808038,Ponoka County,2008,3364263.4
4808038,Ponoka County,2009,3076552.1
4808038,Ponoka County,2010,3034649.1
4808038,Ponoka County,2011,3054814.7
4808038,Ponoka County,2012,3148001.3
4808038,Ponoka County,2013,2958169.2
4808038,Ponoka County,2014,3062150.7
4808038,Ponoka County,2015,3107628.6
4808038,Ponoka County,2016,2686062.2
4808038,Ponoka County,2017,2549082.2
4808038,Ponoka County,2018,2201759.6
4808038,Ponoka County,2019,1954183.6
4808038,Ponoka County,2020,1720454.7
4808038,Ponoka County,2021,1631454.0
4808038,Ponoka County,2022,1774543.4
4812037,Lac la Biche County,2003,2743269.7
4812037,Lac la Biche County,2004,2115785.0
4812037,Lac la Biche County,2005,1860877.0
4812037,Lac la Biche County,2006,1715108.0
4812037,Lac la Biche County,2007,1616887.0
4812037,Lac la Biche County,2008,1477790.7
4812037,Lac la Biche County,2009,1285195.6
4812037,Lac la Biche County,2010,1131354.7
4812037,Lac la Biche County,2011,999463.0
4812037,Lac la Biche County,2012,847673.1
4812037,Lac la Biche County,2013,727564.2
4812037,Lac la Biche County,2014,672379.2
4812037,Lac la Biche County,2015,615924.9
4812037,Lac la Biche County,2016,605966.8
4812037,Lac la Biche County,2017,652525.5
4812037,Lac la Biche County,2018,504925.3
4812037,Lac la Biche County,2019,407931.4
4812037,Lac la Biche County,2020,449665.6
4812037,Lac la Biche County,2021,481541.1
4812037,Lac la Biche County,2022,509388.4
4812037,Lac la Biche County,2023,553800.6
4809002,Clearwater County,2023,14237591.6
4809002,Clearwater County,2003,15826037.0
4809002,Clearwater County,2004,15514161.1
4809002,Clearwater County,2005,14682374.0
4809002,Clearwater County,2006,14357410.0
4809002,Clearwater County,2007,13909758.0
4809002,Clearwater County,2008,13195645.5
4809002,Clearwater County,2009,12080632.2
4809002,Clearwater County,2010,10880925.2
4809002,Clearwater County,2011,11211855.4
4809002,Clearwater County,2012,10926646.4
4809002,Clearwater County,2013,10858517.0
4809002,Clearwater County,2014,12236954.9
4809002,Clearwater County,2015,12657548.3
4809002,Clearwater County,2016,13388690.2
4809002,Clearwater County,2017,13752829.6
4809002,Clearwater County,2018,13880883.2
4809002,Clearwater County,2019,13365908.6
4809002,Clearwater County,2020,12623483.2
4809002,Clearwater County,2021,12975187.1
4809002,Clearwater County,2022,13666130.3
4810026,Minburn County No. 27,2003,912758.5
4810026,Minburn County No. 27,2004,772516.0
4810026,Minburn County No. 27,2005,707801.0
4810026,Minburn County No. 27,2006,641032.0
4810026,Minburn County No. 27,2007,586597.0
4810026,Minburn County No. 27,2008,557190.1
4810026,Minburn County No. 27,2009,467671.3
4810026,Minburn County No. 27,2010,464756.1
4810026,Minburn County No. 27,2011,788197.3
4810026,Minburn County No. 27,2012,687451.9
4810026,Minburn County No. 27,2013,854537.0
4810026,Minburn County No. 27,2014,780331.6
4810026,Minburn County No. 27,2015,382478.3
4810026,Minburn County No. 27,2016,521557.1
4810026,Minburn County No. 27,2017,420551.9
4810026,Minburn County No. 27,2018,371507.8
4810026,Minburn County No. 27,2019,369308.2
4810026,Minburn County No. 27,2020,280054.6
4810026,Minburn County No. 27,2021,425097.6
4810026,Minburn County No. 27,2022,390660.0
4810026,Minburn County No. 27,2023,140162.4
4813028,Westlock County,2023,71617.7
4813028,Westlock County,2003,407967.8
4813028,Westlock County,2004,418472.7
4813028,Westlock County,2005,403864.0
4813028,Westlock County,2006,389047.0
4813028,Westlock County,2007,340659.0
4813028,Westlock County,2008,297552.5
4813028,Westlock County,2009,224779.8
4813028,Westlock County,2010,175177.4
4813028,Westlock County,2011,146800.7
4813028,Westlock County,2012,132236.5
4813028,Westlock County,2013,114988.5
4813028,Westlock County,2014,102137.7
4813028,Westlock County,2015,88316.7
4813028,Westlock County,2016,74151.4
4813028,Westlock County,2017,76067.5
4813028,Westlock County,2018,34211.9
4813028,Westlock County,2019,22262.1
4813028,Westlock County,2020,16441.0
4813028,Westlock County,2021,47686.9
4813028,Westlock County,2022,55159.6
4813029,Woodlands County,2003,2115358.8
4813029,Woodlands County,2004,2172829.4
4813029,Woodlands County,2005,2211325.0
4813029,Woodlands County,2006,2472661.0
4813029,Woodlands County,2007,2573534.0
4813029,Woodlands County,2008,2585305.5
4813029,Woodlands County,2009,2614566.2
4813029,Woodlands County,2010,2373833.9
4813029,Woodlands County,2011,2114111.1
4813029,Woodlands County,2012,1743980.4
4813029,Woodlands County,2013,1447124.6
4813029,Woodlands County,2014,1224705.0
4813029,Woodlands County,2015,1010913.0
4813029,Woodlands County,2016,804361.9
4813029,Woodlands County,2017,749747.5
4813029,Woodlands County,2018,631806.4
4813029,Woodlands County,2019,492688.9
4813029,Woodlands County,2020,413824.4
4813029,Woodlands County,2021,469830.5
4813029,Woodlands County,2022,529082.4
4813029,Woodlands County,2023,508945.0
4813018,Barrhead County No. 11,2023,115021.3
4813018,Barrhead County No. 11,2003,364445.8
4813018,Barrhead County No. 11,2004,374480.6
4813018,Barrhead County No. 11,2005,355466.0
4813018,Barrhead County No. 11,2006,349367.0
4813018,Barrhead County No. 11,2007,354593.0
4813018,Barrhead County No. 11,2008,436930.3
4813018,Barrhead County No. 11,2009,469637.9
4813018,Barrhead County No. 11,2010,456683.5
4813018,Barrhead County No. 11,2011,412732.0
4813018,Barrhead County No. 11,2012,368234.6
4813018,Barrhead County No. 11,2013,319738.1
4813018,Barrhead County No. 11,2014,287561.3
4813018,Barrhead County No. 11,2015,232114.3
4813018,Barrhead County No. 11,2016,165134.5
4813018,Barrhead County No. 11,2017,179583.1
4813018,Barrhead County No. 11,2018,134007.9
4813018,Barrhead County No. 11,2019,45925.0
4813018,Barrhead County No. 11,2020,52839.2
4813018,Barrhead County No. 11,2021,109661.1
4813018,Barrhead County No. 11,2022,106667.9
4810016,Beaver County,2003,1236503.3
4810016,Beaver County,2004,1249807.0
4810016,Beaver County,2005,1187245.0
4810016,Beaver County,2006,1052208.0
4810016,Beaver County,2007,985385.0
4810016,Beaver County,2008,878458.8
4810016,Beaver County,2009,655010.0
4810016,Beaver County,2010,615226.7
4810016,Beaver County,2011,524141.0
4810016,Beaver County,2012,419578.8
4810016,Beaver County,2013,391694.4
4810016,Beaver County,2014,389701.3
4810016,Beaver County,2015,369202.3
4810016,Beaver County,2016,310555.4
4810016,Beaver County,2017,287867.3
4810016,Beaver County,2018,239192.4
4810016,Beaver County,2019,213171.5
4810016,Beaver County,2020,193370.9
4810016,Beaver County,2021,184257.9
4810016,Beaver County,2022,178095.7
4810016,Beaver County,2023,174121.1
4801008,Forty Mile County No. 8,2023,81030.0
4801008,Forty Mile County No. 8,2003,694847.3
4801008,Forty Mile County No. 8,2004,728853.5
4801008,Forty Mile County No. 8,2005,641362.0
4801008,Forty Mile County No. 8,2006,597946.0
4801008,Forty Mile County No. 8,2007,545396.0
4801008,Forty Mile County No. 8,2008,532162.2
4801008,Forty Mile County No. 8,2009,475788.0
4801008,Forty Mile County No. 8,2010,406685.5
4801008,Forty Mile County No. 8,2011,362943.5
4801008,Forty Mile County No. 8,2012,335272.9
4801008,Forty Mile County No. 8,2013,280009.1
4801008,Forty Mile County No. 8,2014,264588.8
4801008,Forty Mile County No. 8,2015,245785.4
4801008,Forty Mile County No. 8,2016,219086.2
4801008,Forty Mile County No. 8,2017,204563.7
4801008,Forty Mile County No. 8,2018,171146.4
4801008,Forty Mile County No. 8,2019,137381.7
4801008,Forty Mile County No. 8,2020,130316.2
4801008,Forty Mile County No. 8,2021,116961.4
4801008,Forty Mile County No. 8,2022,88730.4
4801003,Cypress County,2003,8228535.7
4801003,Cypress County,2004,8950788.5
4801003,Cypress County,2005,8933848.0
4801003,Cypress County,2006,7697251.0
4801003,Cypress County,2007,8573123.0
4801003,Cypress County,2008,8082622.1
4801003,Cypress County,2009,7691736.7
4801003,Cypress County,2010,7147033.5
4801003,Cypress County,2011,6451290.5
4801003,Cypress County,2012,4978907.4
4801003,Cypress County,2013,5279285.2
4801003,Cypress County,2014,5376437.8
4801003,Cypress County,2015,4081335.0
4801003,Cypress County,2016,3756793.0
4801003,Cypress County,2017,3551163.8
4801003,Cypress County,2018,3456064.4
4801003,Cypress County,2019,3778003.1
4801003,Cypress County,2020,3274898.7
4801003,Cypress County,2021,3536172.9
4801003,Cypress County,2022,3411053.8
4801003,Cypress County,2023,2656099.9
4803018,Willow Creek No. 26,2023,246665.8
4803018,Willow Creek No. 26,2003,836246.1
4803018,Willow Creek No. 26,2004,845445.0
4803018,Willow Creek No. 26,2005,952415.0
4803018,Willow Creek No. 26,2006,913149.0
4803018,Willow Creek No. 26,2007,977309.0
4803018,Willow Creek No. 26,2008,1000598.2
4803018,Willow Creek No. 26,2009,864786.2
4803018,Willow Creek No. 26,2010,759532.6
4803018,Willow Creek No. 26,2011,674727.8
4803018,Willow Creek No. 26,2012,580227.5
4803018,Willow Creek No. 26,2013,507510.1
4803018,Willow Creek No. 26,2014,452816.2
4803018,Willow Creek No. 26,2015,414046.8
4803018,Willow Creek No. 26,2016,367411.1
4803018,Willow Creek No. 26,2017,343985.5
4803018,Willow Creek No. 26,2018,318374.4
4803018,Willow Creek No. 26,2019,295105.1
4803018,Willow Creek No. 26,2020,288112.8
4803018,Willow Creek No. 26,2021,272109.8
4803018,Willow Creek No. 26,2022,259422.7
4802011,Lethbridge County,2003,510512.1
4802011,Lethbridge County,2004,560321.6
4802011,Lethbridge County,2005,457393.0
4802011,Lethbridge County,2006,355532.0
4802011,Lethbridge County,2007,291044.0
4802011,Lethbridge County,2008,266870.6
4802011,Lethbridge County,2009,216920.6
4802011,Lethbridge County,2010,209698.4
4802011,Lethbridge County,2011,171045.3
4802011,Lethbridge County,2012,137232.0
4802011,Lethbridge County,2013,140032.8
4802011,Lethbridge County,2014,138983.2
4802011,Lethbridge County,2015,122847.3
4802011,Lethbridge County,2016,107331.0
4802011,Lethbridge County,2017,98563.2
4802011,Lethbridge County,2018,79146.6
4802011,Lethbridge County,2019,61920.4
4802011,Lethbridge County,2020,56837.3
4802011,Lethbridge County,2021,53314.7
4802011,Lethbridge County,2022,55550.5
4802011,Lethbridge County,2023,44347.9
4802021,"Taber, M.D.",2023,142481.3
4802021,"Taber, M.D.",2003,765258.4
4802021,"Taber, M.D.",2004,836685.5
4802021,"Taber, M.D.",2005,787308.0
4802021,"Taber, M.D.",2006,742392.0
4802021,"Taber, M.D.",2007,750030.0
4802021,"Taber, M.D.",2008,735127.9
4802021,"Taber, M.D.",2009,616731.1
4802021,"Taber, M.D.",2010,529494.6
4802021,"Taber, M.D.",2011,462880.1
4802021,"Taber, M.D.",2012,383537.7
4802021,"Taber, M.D.",2013,374101.3
4802021,"Taber, M.D.",2014,369292.2
4802021,"Taber, M.D.",2015,331047.9
4802021,"Taber, M.D.",2016,280602.8
4802021,"Taber, M.D.",2017,264341.6
4802021,"Taber, M.D.",2018,225787.1
4802021,"Taber, M.D.",2019,189897.9
4802021,"Taber, M.D.",2020,148513.4
4802021,"Taber, M.D.",2021,141689.0
4802021,"Taber, M.D.",2022,149550.2
4803011,Pincher Creek No. 9,2003,1873133.1
4803011,Pincher Creek No. 9,2004,1856504.5
4803011,Pincher Creek No. 9,2005,1807418.0
4803011,Pincher Creek No. 9,2006,1700236.0
4803011,Pincher Creek No. 9,2007,1561018.0
4803011,Pincher Creek No. 9,2008,603553.0
4803011,Pincher Creek No. 9,2009,664537.3
4803011,Pincher Creek No. 9,2010,1345304.9
4803011,Pincher Creek No. 9,2011,1423882.8
4803011,Pincher Creek No. 9,2012,940406.6
4803011,Pincher Creek No. 9,2013,1477838.2
4803011,Pincher Creek No. 9,2014,1293328.7
4803011,Pincher Creek No. 9,2015,1234503.3
4803011,Pincher Creek No. 9,2016,1150999.9
4803011,Pincher Creek No. 9,2017,988467.2
4803011,Pincher Creek No. 9,2018,960303.5
4803011,Pincher Creek No. 9,2019,899402.4
4803011,Pincher Creek No. 9,2020,865730.4
4803011,Pincher Creek No. 9,2021,838467.9
4803011,Pincher Creek No. 9,2022,765858.0
4803011,Pincher Creek No. 9,2023,587162.5
4804001,Acadia No. 34,2023,4221.4
4804001,Acadia No. 34,2003,57081.1
4804001,Acadia No. 34,2004,95004.2
4804001,Acadia No. 34,2005,122560.0
4804001,Acadia No. 34,2006,123589.0
4804001,Acadia No. 34,2007,125028.0
4804001,Acadia No. 34,2008,101150.6
4804001,Acadia No. 34,2009,71465.3
4804001,Acadia No. 34,2010,51023.7
4804001,Acadia No. 34,2011,32650.9
4804001,Acadia No. 34,2012,22856.6
4804001,Acadia No. 34,2013,18826.0
4804001,Acadia No. 34,2014,17058.0
4804001,Acadia No. 34,2015,11883.2
4804001,Acadia No. 34,2016,5924.4
4804001,Acadia No. 34,2017,4133.7
4804001,Acadia No. 34,2018,4327.4
4804001,Acadia No. 34,2019,3726.2
4804001,Acadia No. 34,2020,4399.9
4804001,Acadia No. 34,2021,3946.3
4804001,Acadia No. 34,2022,3481.2
4804004,Special Area No. 2,2003,2989748.3
4804004,Special Area No. 2,2004,3181619.9
4804004,Special Area No. 2,2005,3427275.0
4804004,Special Area No. 2,2006,3538700.0
4804004,Special Area No. 2,2007,3327850.0
4804004,Special Area No. 2,2008,3006631.4
4804004,Special Area No. 2,2009,2615469.9
4804004,Special Area No. 2,2010,2309336.7
4804004,Special Area No. 2,2011,2041584.6
4804004,Special Area No. 2,2012,1826880.6
4804004,Special Area No. 2,2013,1620114.5
4804004,Special Area No. 2,2014,1481500.0
4804004,Special Area No. 2,2015,1346787.8
4804004,Special Area No. 2,2016,1286915.4
4804004,Special Area No. 2,2017,1370531.8
4804004,Special Area No. 2,2018,1129651.6
4804004,Special Area No. 2,2019,1019086.1
4804004,Special Area No. 2,2020,978773.0
4804004,Special Area No. 2,2021,945598.4
4804004,Special Area No. 2,2022,903165.9
4804004,Special Area No. 2,2023,836818.0
4804012,Special Area No. 3,2023,37612.0
4804012,Special Area No. 3,2003,898708.2
4804012,Special Area No. 3,2004,855021.1
4804012,Special Area No. 3,2005,812248.0
4804012,Special Area No. 3,2006,891245.0
4804012,Special Area No. 3,2007,901045.0
4804012,Special Area No. 3,2008,875488.6
4804012,Special Area No. 3,2009,785637.8
4804012,Special Area No. 3,2010,607295.6
4804012,Special Area No. 3,2011,433476.4
4804012,Special Area No. 3,2012,319325.8
4804012,Special Area No. 3,2013,261849.4
4804012,Special Area No. 3,2014,243399.7
4804012,Special Area No. 3,2015,215955.8
4804012,Special Area No. 3,2016,177309.0
4804012,Special Area No. 3,2017,164951.9
4804012,Special Area No. 3,2018,91989.4
4804012,Special Area No. 3,2019,44253.0
4804012,Special Area No. 3,2020,44175.1
4804012,Special Area No. 3,2021,46346.1
4804012,Special Area No. 3,2022,46793.6
4804020,Special Area No. 4,2003,745422.1
4804020,Special Area No. 4,2004,857790.6
4804020,Special Area No. 4,2005,905377.0
4804020,Special Area No. 4,2006,882991.0
4804020,Special Area No. 4,2007,836744.0
4804020,Special Area No. 4,2008,787090.6
4804020,Special Area No. 4,2009,703663.6
4804020,Special Area No. 4,2010,605929.2
4804020,Special Area No. 4,2011,542757.1
4804020,Special Area No. 4,2012,501587.4
4804020,Special Area No. 4,2013,452297.0
4804020,Special Area No. 4,2014,424243.3
4804020,Special Area No. 4,2015,474057.1
4804020,Special Area No. 4,2016,439833.0
4804020,Special Area No. 4,2017,538784.4
4804020,Special Area No. 4,2018,650572.1
4804020,Special Area No. 4,2019,566942.5
4804020,Special Area No. 4,2020,475883.6
4804020,Special Area No. 4,2021,426992.1
4804020,Special Area No. 4,2022,430189.8
4804020,Special Area No. 4,2023,401179.0
4805001,Vulcan County,2023,249795.8
4805001,Vulcan County,2003,1744812.5
4805001,Vulcan County,2004,1916205.7
4805001,Vulcan County,2005,1931596.0
4805001,Vulcan County,2006,1810923.0
4805001,Vulcan County,2007,1669318.0
4805001,Vulcan County,2008,1427286.6
4805001,Vulcan County,2009,1242132.5
4805001,Vulcan County,2010,1093083.4
4805001,Vulcan County,2011,989005.3
4805001,Vulcan County,2012,888971.5
4805001,Vulcan County,2013,739388.3
4805001,Vulcan County,2014,684473.8
4805001,Vulcan County,2015,625283.8
4805001,Vulcan County,2016,540753.3
4805001,Vulcan County,2017,458355.9
4805001,Vulcan County,2018,409492.3
4805001,Vulcan County,2019,336012.2
4805001,Vulcan County,2020,267619.1
4805001,Vulcan County,2021,234988.8
4805001,Vulcan County,2022,234654.1
4806001,Foothills County,2003,1026225.5
4806001,Foothills County,2004,1098642.5
4806001,Foothills County,2005,1105647.0
4806001,Foothills County,2006,1100552.0
4806001,Foothills County,2007,921499.0
4806001,Foothills County,2008,877393.5
4806001,Foothills County,2009,857520.8
4806001,Foothills County,2010,774297.5
4806001,Foothills County,2011,670573.1
4806001,Foothills County,2012,631377.4
4806001,Foothills County,2013,544727.2
4806001,Foothills County,2014,536956.3
4806001,Foothills County,2015,447440.4
4806001,Foothills County,2016,292237.1
4806001,Foothills County,2017,157906.6
4806001,Foothills County,2018,158040.4
4806001,Foothills County,2019,139680.8
4806001,Foothills County,2020,187510.6
4806001,Foothills County,2021,193147.7
4806001,Foothills County,2022,185487.6
4806001,Foothills County,2023,180779.9
4806014,Rocky View County,2023,1213102.8
4806014,Rocky View County,2003,3736732.2
4806014,Rocky View County,2004,2996806.7
4806014,Rocky View County,2005,3184428.0
4806014,Rocky View County,2006,2283346.0
4806014,Rocky View County,2007,2799320.0
4806014,Rocky View County,2008,2743509.7
4806014,Rocky View County,2009,2304689.5
4806014,Rocky View County,2010,2718627.1
4806014,Rocky View County,2011,1978426.1
4806014,Rocky View County,2012,1698834.9
4806014,Rocky View County,2013,2333210.4
4806014,Rocky View County,2014,3192172.3
4806014,Rocky View County,2015,1513214.1
4806014,Rocky View County,2016,1859492.6
4806014,Rocky View County,2017,2083693.0
4806014,Rocky View County,2018,2136732.0
4806014,Rocky View County,2019,1582641.4
4806014,Rocky View County,2020,1374920.1
4806014,Rocky View County,2021,2284217.7
4806014,Rocky View County,2022,2018641.9
4806016,Calgary,2003,126839.0
4806016,Calgary,2004,118076.8
4806016,Calgary,2005,127274.0
4806016,Calgary,2006,117779.0
4806016,Calgary,2007,102813.0
4806016,Calgary,2008,105419.8
4806016,Calgary,2009,98899.3
4806016,Calgary,2010,84000.6
4806016,Calgary,2011,49068.1
4806016,Calgary,2012,35789.2
4806016,Calgary,2013,28185.4
4806016,Calgary,2014,38678.7
4806016,Calgary,2015,20887.7
4806016,Calgary,2016,14697.3
4806016,Calgary,2017,604.0
4806016,Calgary,2018,461.3
4806016,Calgary,2019,491.2
4806016,Calgary,2020,748.3
4806016,Calgary,2021,623.3
4806016,Calgary,2022,613.3
4806016,Calgary,2023,586.6
4806028,Mountain View County,2023,2262849.3
4806028,Mountain View County,2003,3532323.3
4806028,Mountain View County,2004,3399198.9
4806028,Mountain View County,2005,3167331.0
4806028,Mountain View County,2006,3249151.0
4806028,Mountain View County,2007,3277583.0
4806028,Mountain View County,2008,3200536.8
4806028,Mountain View County,2009,3136771.5
4806028,Mountain View County,2010,2931016.8
4806028,Mountain View County,2011,2742145.7
4806028,Mountain View County,2012,2756470.1
4806028,Mountain View County,2013,2687028.4
4806028,Mountain View County,2014,2436041.3
4806028,Mountain View County,2015,2253792.7
4806028,Mountain View County,2016,2072459.2
4806028,Mountain View County,2017,1980517.5
4806028,Mountain View County,2018,1990251.2
4806028,Mountain View County,2019,1958923.4
4806028,Mountain View County,2020,1948849.6
4806028,Mountain View County,2021,1972311.9
4806028,Mountain View County,2022,2073599.0
4807001,Provost No. 52,2003,376588.8
4807001,Provost No. 52,2004,414101.4
4807001,Provost No. 52,2005,455020.0
4807001,Provost No. 52,2006,466180.0
4807001,Provost No. 52,2007,456726.0
4807001,Provost No. 52,2008,397338.3
4807001,Provost No. 52,2009,339369.6
4807001,Provost No. 52,2010,301146.4
4807001,Provost No. 52,2011,267897.8
4807001,Provost No. 52,2012,234537.7
4807001,Provost No. 52,2013,211032.4
4807001,Provost No. 52,2014,198214.0
4807001,Provost No. 52,2015,186347.0
4807001,Provost No. 52,2016,160904.1
4807001,Provost No. 52,2017,161309.6
4807001,Provost No. 52,2018,169849.4
4807001,Provost No. 52,2019,166363.6
4807001,Provost No. 52,2020,150053.6
4807001,Provost No. 52,2021,149069.9
4807001,Provost No. 52,2022,187015.6
4807001,Provost No. 52,2023,174104.9
4819041,Smoky River No. 130,2023,95652.2
4819041,Smoky River No. 130,2003,176128.0
4819041,Smoky River No. 130,2004,178910.2
4819041,Smoky River No. 130,2005,198777.0
4819041,Smoky River No. 130,2006,249552.0
4819041,Smoky River No. 130,2007,348614.0
4819041,Smoky River No. 130,2008,334001.6
4819041,Smoky River No. 130,2009,317035.2
4819041,Smoky River No. 130,2010,350067.6
4819041,Smoky River No. 130,2011,292879.1
4819041,Smoky River No. 130,2012,272500.6
4819041,Smoky River No. 130,2013,329921.9
4819041,Smoky River No. 130,2014,357383.1
4819041,Smoky River No. 130,2015,313666.6
4819041,Smoky River No. 130,2016,214043.6
4819041,Smoky River No. 130,2017,198054.2
4819041,Smoky River No. 130,2018,165767.8
4819041,Smoky River No. 130,2019,143896.3
4819041,Smoky River No. 130,2020,103564.3
4819041,Smoky River No. 130,2021,97480.4
4819041,Smoky River No. 130,2022,93050.2
4810036,Vermilion River County,2003,978813.1
4810036,Vermilion River County,2004,953082.3
4810036,Vermilion River County,2005,891657.0
4810036,Vermilion River County,2006,858864.0
4810036,Vermilion River County,2007,827351.0
4810036,Vermilion River County,2008,820758.1
4810036,Vermilion River County,2009,759610.9
4810036,Vermilion River County,2010,707902.5
4810036,Vermilion River County,2011,644857.9
4810036,Vermilion River County,2012,585341.6
4810036,Vermilion River County,2013,536042.0
4810036,Vermilion River County,2014,563378.8
4810036,Vermilion River County,2015,559533.8
4810036,Vermilion River County,2016,482122.5
4810036,Vermilion River County,2017,407746.3
4810036,Vermilion River County,2018,373378.0
4810036,Vermilion River County,2019,342614.2
4810036,Vermilion River County,2020,302566.0
4810036,Vermilion River County,2021,307989.4
4810036,Vermilion River County,2022,313321.1
4810036,Vermilion River County,2023,327202.6
4817026,Northern Sunrise County,2023,627630.2
4817026,Northern Sunrise County,2003,1130953.5
4817026,Northern Sunrise County,2004,1178393.7
4817026,Northern Sunrise County,2005,1043179.0
4817026,Northern Sunrise County,2006,885441.0
4817026,Northern Sunrise County,2007,776388.0
4817026,Northern Sunrise County,2008,781342.7
4817026,Northern Sunrise County,2009,721484.0
4817026,Northern Sunrise County,2010,756048.8
4817026,Northern Sunrise County,2011,706433.4
4817026,Northern Sunrise County,2012,726384.9
4817026,Northern Sunrise County,2013,764147.0
4817026,Northern Sunrise County,2014,820433.9
4817026,Northern Sunrise County,2015,811941.1
4817026,Northern Sunrise County,2016,709766.4
4817026,Northern Sunrise County,2017,759899.7
4817026,Northern Sunrise County,2018,735405.6
4817026,Northern Sunrise County,2019,689144.0
4817026,Northern Sunrise County,2020,585798.6
4817026,Northern Sunrise County,2021,635266.0
4817026,Northern Sunrise County,2022,647681.4
4817027,Big Lakes County,2003,1085472.9
4817027,Big Lakes County,2004,1001425.7
4817027,Big Lakes County,2005,908916.0
4817027,Big Lakes County,2006,876652.0
4817027,Big Lakes County,2007,821066.0
4817027,Big Lakes County,2008,643673.0
4817027,Big Lakes County,2009,586189.0
4817027,Big Lakes County,2010,487087.8
4817027,Big Lakes County,2011,438976.3
4817027,Big Lakes County,2012,493550.1
4817027,Big Lakes County,2013,521856.1
4817027,Big Lakes County,2014,466283.0
4817027,Big Lakes County,2015,380091.2
4817027,Big Lakes County,2016,248273.8
4817027,Big Lakes County,2017,254806.5
4817027,Big Lakes County,2018,268990.9
4817027,Big Lakes County,2019,227006.6
4817027,Big Lakes County,2020,189749.0
4817027,Big Lakes County,2021,171936.4
4817027,Big Lakes County,2022,202592.6
4817027,Big Lakes County,2023,232979.3
4817031,Opportunity No. 17,2023,143175.3
4817031,Opportunity No. 17,2003,3339381.3
4817031,Opportunity No. 17,2004,3140953.9
4817031,Opportunity No. 17,2005,2817218.0
4817031,Opportunity No. 17,2006,2504957.0
4817031,Opportunity No. 17,2007,2214380.0
4817031,Opportunity No. 17,2008,1989386.6
4817031,Opportunity No. 17,2009,1718535.4
4817031,Opportunity No. 17,2010,1382202.7
4817031,Opportunity No. 17,2011,1112699.1
4817031,Opportunity No. 17,2012,938941.4
4817031,Opportunity No. 17,2013,809384.9
4817031,Opportunity No. 17,2014,754451.8
4817031,Opportunity No. 17,2015,652066.1
4817031,Opportunity No. 17,2016,566912.6
4817031,Opportunity No. 17,2017,506840.6
4817031,Opportunity No. 17,2018,321319.2
4817031,Opportunity No. 17,2019,180149.9
4817031,Opportunity No. 17,2020,139188.6
4817031,Opportunity No. 17,2021,144204.9
4817031,Opportunity No. 17,2022,144769.1
4813001,Lac Ste. Anne County,2003,562848.8
4813001,Lac Ste. Anne County,2004,542000.2
4813001,Lac Ste. Anne County,2005,499113.0
4813001,Lac Ste. Anne County,2006,497792.0
4813001,Lac Ste. Anne County,2007,437299.0
4813001,Lac Ste. Anne County,2008,369412.1
4813001,Lac Ste. Anne County,2009,302666.7
4813001,Lac Ste. Anne County,2010,288085.2
4813001,Lac Ste. Anne County,2011,263187.4
4813001,Lac Ste. Anne County,2012,226905.3
4813001,Lac Ste. Anne County,2013,205443.1
4813001,Lac Ste. Anne County,2014,190053.5
4813001,Lac Ste. Anne County,2015,112329.2
4813001,Lac Ste. Anne County,2016,84716.7
4813001,Lac Ste. Anne County,2017,80085.8
4813001,Lac Ste. Anne County,2018,75916.6
4813001,Lac Ste. Anne County,2019,62090.0
4813001,Lac Ste. Anne County,2020,45850.2
4813001,Lac Ste. Anne County,2021,47731.4
4813001,Lac Ste. Anne County,2022,54375.1
4813001,Lac Ste. Anne County,2023,55162.1
4819049,Birch Hills County,2023,91577.6
4819049,Birch Hills County,2003,1198042.8
4819049,Birch Hills County,2004,1059880.6
4819049,Birch Hills County,2005,848234.0
4819049,Birch Hills County,2006,846720.0
4819049,Birch Hills County,2007,799882.0
4819049,Birch Hills County,2008,723655.9
4819049,Birch Hills County,2009,616794.8
4819049,Birch Hills County,2010,524566.9
4819049,Birch Hills County,2011,411713.9
4819049,Birch Hills County,2012,296560.0
4819049,Birch Hills County,2013,232893.0
4819049,Birch Hills County,2014,222136.9
4819049,Birch Hills County,2015,175980.7
4819049,Birch Hills County,2016,173638.9
4819049,Birch Hills County,2017,155805.1
4819049,Birch Hills County,2018,151158.4
4819049,Birch Hills County,2019,110544.8
4819049,Birch Hills County,2020,90617.4
4819049,Birch Hills County,2021,116205.4
4819049,Birch Hills County,2022,112092.7
4819054,Spirit River No. 133,2003,61753.3
4819054,Spirit River No. 133,2004,96967.1
4819054,Spirit River No. 133,2005,113280.0
4819054,Spirit River No. 133,2006,130280.0
4819054,Spirit River No. 133,2007,106264.0
4819054,Spirit River No. 133,2008,87113.7
4819054,Spirit River No. 133,2009,99688.1
4819054,Spirit River No. 133,2010,67000.8
4819054,Spirit River No. 133,2011,39056.3
4819054,Spirit River No. 133,2012,28409.8
4819054,Spirit River No. 133,2013,26599.8
4819054,Spirit River No. 133,2014,31634.4
4819054,Spirit River No. 133,2015,21905.4
4819054,Spirit River No. 133,2016,19673.2
4819054,Spirit River No. 133,2017,25328.9
4819054,Spirit River No. 133,2018,24749.7
4819054,Spirit River No. 133,2019,26278.3
4819054,Spirit River No. 133,2020,32283.6
4819054,Spirit River No. 133,2021,31334.2
4819054,Spirit River No. 133,2022,45091.0
4819054,Spirit River No. 133,2023,36517.2
4819059,Saddle Hills County,2023,11509522.3
4819059,Saddle Hills County,2003,4871252.9
4819059,Saddle Hills County,2004,4621061.0
4819059,Saddle Hills County,2005,4453906.0
4819059,Saddle Hills County,2006,4311287.0
4819059,Saddle Hills County,2007,4104424.0
4819059,Saddle Hills County,2008,4111202.5
4819059,Saddle Hills County,2009,3982017.6
4819059,Saddle Hills County,2010,4418337.3
4819059,Saddle Hills County,2011,5057277.9
4819059,Saddle Hills County,2012,5367906.1
4819059,Saddle Hills County,2013,6114419.4
4819059,Saddle Hills County,2014,7217396.4
4819059,Saddle Hills County,2015,7682074.7
4819059,Saddle Hills County,2016,8142649.8
4819059,Saddle Hills County,2017,8804548.6
4819059,Saddle Hills County,2018,9832914.1
4819059,Saddle Hills County,2019,10165636.7
4819059,Saddle Hills County,2020,9843910.6
4819059,Saddle Hills County,2021,10551998.6
4819059,Saddle Hills County,2022,11309779.0
4819066,Fairview No. 136,2003,1001039.2
4819066,Fairview No. 136,2004,1075457.6
4819066,Fairview No. 136,2005,1170713.0
4819066,Fairview No. 136,2006,1128329.0
4819066,Fairview No. 136,2007,1092185.0
4819066,Fairview No. 136,2008,995169.0
4819066,Fairview No. 136,2009,922483.9
4819066,Fairview No. 136,2010,831287.7
4819066,Fairview No. 136,2011,724879.4
4819066,Fairview No. 136,2012,687255.5
4819066,Fairview No. 136,2013,564989.8
4819066,Fairview No. 136,2014,535801.2
4819066,Fairview No. 136,2015,497131.5
4819066,Fairview No. 136,2016,475117.9
4819066,Fairview No. 136,2017,457071.6
4819066,Fairview No. 136,2018,412803.2
4819066,Fairview No. 136,2019,388638.9
4819066,Fairview No. 136,2020,354158.4
4819066,Fairview No. 136,2021,346548.7
4819066,Fairview No. 136,2022,324169.4
4819066,Fairview No. 136,2023,290548.0
4811032,Brazeau County,2023,2449026.5
4811032,Brazeau County,2003,2370030.6
4811032,Brazeau County,2004,2519596.5
4811032,Brazeau County,2005,2740389.0
4811032,Brazeau County,2006,3142024.0
4811032,Brazeau County,2007,3157046.0
4811032,Brazeau County,2008,2944945.4
4811032,Brazeau County,2009,2662902.7
4811032,Brazeau County,2010,2466109.8
4811032,Brazeau County,2011,2546760.7
4811032,Brazeau County,2012,2984120.1
4811032,Brazeau County,2013,3421049.4
4811032,Brazeau County,2014,3587344.1
4811032,Brazeau County,2015,3488047.8
4811032,Brazeau County,2016,3166075.7
4811032,Brazeau County,2017,3172320.7
4811032,Brazeau County,2018,2959578.0
4811032,Brazeau County,2019,2422104.2
4811032,Brazeau County,2020,2155555.2
4811032,Brazeau County,2021,2424905.6
4811032,Brazeau County,2022,2637545.2
4811034,Parkland County,2003,864427.2
4811034,Parkland County,2004,738243.4
4811034,Parkland County,2005,704235.0
4811034,Parkland County,2006,584289.0
4811034,Parkland County,2007,522124.0
4811034,Parkland County,2008,449526.4
4811034,Parkland County,2009,375442.9
4811034,Parkland County,2010,334609.7
4811034,Parkland County,2011,312518.3
4811034,Parkland County,2012,246614.2
4811034,Parkland County,2013,284615.4
4811034,Parkland County,2014,310573.9
4811034,Parkland County,2015,270700.0
4811034,Parkland County,2016,291502.4
4811034,Parkland County,2017,248057.9
4811034,Parkland County,2018,215559.5
4811034,Parkland County,2019,185663.8
4811034,Parkland County,2020,147110.2
4811034,Parkland County,2021,153441.9
4811034,Parkland County,2022,166756.6
4811034,Parkland County,2023,161746.3
4811052,Strathcona County,2023,14743.9
4811052,Strathcona County,2003,69200.9
4811052,Strathcona County,2004,96863.7
4811052,Strathcona County,2005,113903.0
4811052,Strathcona County,2006,94801.0
4811052,Strathcona County,2007,91375.0
4811052,Strathcona County,2008,107227.0
4811052,Strathcona County,2009,76710.5
4811052,Strathcona County,2010,62494.0
4811052,Strathcona County,2011,57078.5
4811052,Strathcona County,2012,48361.7
4811052,Strathcona County,2013,42564.8
4811052,Strathcona County,2014,37468.9
4811052,Strathcona County,2015,32414.0
4811052,Strathcona County,2016,27783.8
4811052,Strathcona County,2017,31641.0
4811052,Strathcona County,2018,25379.6
4811052,Strathcona County,2019,16292.6
4811052,Strathcona County,2020,13151.9
4811052,Strathcona County,2021,12837.0
4811052,Strathcona County,2022,12880.6
4811059,Sturgeon County,2003,441525.8
4811059,Sturgeon County,2004,445673.8
4811059,Sturgeon County,2005,376689.0
4811059,Sturgeon County,2006,353955.0
4811059,Sturgeon County,2007,388116.0
4811059,Sturgeon County,2008,321168.3
4811059,Sturgeon County,2009,282500.8
4811059,Sturgeon County,2010,246927.7
4811059,Sturgeon County,2011,219294.3
4811059,Sturgeon County,2012,196079.4
4811059,Sturgeon County,2013,179942.1
4811059,Sturgeon County,2014,127763.5
4811059,Sturgeon County,2015,86922.9
4811059,Sturgeon County,2016,70317.0
4811059,Sturgeon County,2017,73672.7
4811059,Sturgeon County,2018,70330.9
4811059,Sturgeon County,2019,64959.4
4811059,Sturgeon County,2020,59391.1
4811059,Sturgeon County,2021,42800.6
4811059,Sturgeon County,2022,34945.1
4811059,Sturgeon County,2023,41435.2
4817095,Mackenzie County,2023,709035.5
4817095,Mackenzie County,2003,5392625.9
4817095,Mackenzie County,2004,5190195.1
4817095,Mackenzie County,2005,5294967.0
4817095,Mackenzie County,2006,4657275.0
4817095,Mackenzie County,2007,4008435.0
4817095,Mackenzie County,2008,3697375.8
4817095,Mackenzie County,2009,3129608.9
4817095,Mackenzie County,2010,2763675.3
4817095,Mackenzie County,2011,2164292.3
4817095,Mackenzie County,2012,2137535.6
4817095,Mackenzie County,2013,2005995.2
4817095,Mackenzie County,2014,1710532.5
4817095,Mackenzie County,2015,1724566.2
4817095,Mackenzie County,2016,1545829.4
4817095,Mackenzie County,2017,1467217.6
4817095,Mackenzie County,2018,1391481.3
4817095,Mackenzie County,2019,1255579.1
4817095,Mackenzie County,2020,1123196.0
4817095,Mackenzie County,2021,1157973.9
4817095,Mackenzie County,2022,1146030.7
4812038,Improvement District No. 349,2003,2840751.8
4812038,Improvement District No. 349,2004,2729168.4
4812038,Improvement District No. 349,2005,2420771.0
4812038,Improvement District No. 349,2006,1961000.0
4812038,Improvement District No. 349,2007,1621593.0
4812038,Improvement District No. 349,2008,1310610.1
4812038,Improvement District No. 349,2009,1119364.0
4812038,Improvement District No. 349,2010,1007824.1
4812038,Improvement District No. 349,2011,972470.6
4812038,Improvement District No. 349,2012,908700.9
4812038,Improvement District No. 349,2013,835509.4
4812038,Improvement District No. 349,2014,693063.7
4812038,Improvement District No. 349,2015,690197.3
4812038,Improvement District No. 349,2016,649546.1
4812038,Improvement District No. 349,2017,592781.4
4812038,Improvement District No. 349,2018,605842.4
4812038,Improvement District No. 349,2019,627073.0
4812038,Improvement District No. 349,2020,775964.1
4812038,Improvement District No. 349,2021,778945.3
4812038,Improvement District No. 349,2022,967822.5
4812038,Improvement District No. 349,2023,948871.1
4817062,Clear Hills,2023,362546.6
4817062,Clear Hills,2003,2497407.4
4817062,Clear Hills,2004,2151040.2
4817062,Clear Hills,2005,1959408.0
4817062,Clear Hills,2006,2136531.0
4817062,Clear Hills,2007,2163779.0
4817062,Clear Hills,2008,2050070.4
4817062,Clear Hills,2009,1861861.2
4817062,Clear Hills,2010,1642964.1
4817062,Clear Hills,2011,1396226.8
4817062,Clear Hills,2012,1205483.5
4817062,Clear Hills,2013,1017151.4
4817062,Clear Hills,2014,910460.2
4817062,Clear Hills,2015,780102.5
4817062,Clear Hills,2016,644193.7
4817062,Clear Hills,2017,641206.0
4817062,Clear Hills,2018,560168.5
4817062,Clear Hills,2019,478226.2
4817062,Clear Hills,2020,399176.9
4817062,Clear Hills,2021,382458.1
4817062,Clear Hills,2022,346390.7
4811062,St. Albert,2003,102508.6
4811062,St. Albert,2004,83085.4
4811062,St. Albert,2005,56274.0
4811062,St. Albert,2006,26375.0
4811062,St. Albert,2007,14811.0
4811062,St. Albert,2008,10191.2
4811062,St. Albert,2009,8410.1
4811062,St. Albert,2010,8065.8
4811062,St. Albert,2011,6198.6
4811062,St. Albert,2012,4001.4
4811062,St. Albert,2013,2480.4
4811062,St. Albert,2014,1016.5
4811062,St. Albert,2018,57.9
4811062,St. Albert,2019,415.0
4811062,St. Albert,2020,252.5
4811062,St. Albert,2021,42.0
4811062,St. Albert,2023,905.4
4818015,Greenview No. 16,2023,39503716.6
4818015,Greenview No. 16,2003,15724467.6
4818015,Greenview No. 16,2004,17328187.9
4818015,Greenview No. 16,2005,18206787.0
4818015,Greenview No. 16,2006,18812810.0
4818015,Greenview No. 16,2007,20167313.0
4818015,Greenview No. 16,2008,20735678.5
4818015,Greenview No. 16,2009,19785362.9
4818015,Greenview No. 16,2010,20212732.7
4818015,Greenview No. 16,2011,19837526.3
4818015,Greenview No. 16,2012,20610283.6
4818015,Greenview No. 16,2013,21366276.0
4818015,Greenview No. 16,2014,22762173.3
4818015,Greenview No. 16,2015,26470012.9
4818015,Greenview No. 16,2016,29034054.0
4818015,Greenview No. 16,2017,31880417.4
4818015,Greenview No. 16,2018,35446535.5
4818015,Greenview No. 16,2019,37295561.0
4818015,Greenview No. 16,2020,35916470.2
4818015,Greenview No. 16,2021,35634171.6
4818015,Greenview No. 16,2022,36589967.1
4819006,Grande Prairie County No. 1,2003,6692222.2
4819006,Grande Prairie County No. 1,2004,6343433.9
4819006,Grande Prairie County No. 1,2005,6343055.0
4819006,Grande Prairie County No. 1,2006,6405038.0
4819006,Grande Prairie County No. 1,2007,6142922.0
4819006,Grande Prairie County No. 1,2008,5704858.7
4819006,Grande Prairie County No. 1,2009,5371663.1
4819006,Grande Prairie County No. 1,2010,5202481.0
4819006,Grande Prairie County No. 1,2011,4943047.3
4819006,Grande Prairie County No. 1,2012,4497192.7
4819006,Grande Prairie County No. 1,2013,4147888.8
4819006,Grande Prairie County No. 1,2014,4220996.8
4819006,Grande Prairie County No. 1,2015,4598661.3
4819006,Grande Prairie County No. 1,2016,4449534.0
4819006,Grande Prairie County No. 1,2017,4463496.9
4819006,Grande Prairie County No. 1,2018,4523020.0
4819006,Grande Prairie County No. 1,2019,5309911.9
4819006,Grande Prairie County No. 1,2020,6707609.8
4819006,Grande Prairie County No. 1,2021,8835830.5
4819006,Grande Prairie County No. 1,2022,10097452.4
4819006,Grande Prairie County No. 1,2023,10766611.9
4812004,Bonnyville No. 87,2023,861069.1
4812004,Bonnyville No. 87,2003,1734220.7
4812004,Bonnyville No. 87,2004,1634279.5
4812004,Bonnyville No. 87,2005,1506659.0
4812004,Bonnyville No. 87,2006,1445423.0
4812004,Bonnyville No. 87,2007,1395017.0
4812004,Bonnyville No. 87,2008,1365216.3
4812004,Bonnyville No. 87,2009,1286474.7
4812004,Bonnyville No. 87,2010,1214328.2
4812004,Bonnyville No. 87,2011,1183552.5
4812004,Bonnyville No. 87,2012,1136529.0
4812004,Bonnyville No. 87,2013,1121928.7
4812004,Bonnyville No. 87,2014,1025697.4
4812004,Bonnyville No. 87,2015,1018299.6
4812004,Bonnyville No. 87,2016,1009071.4
4812004,Bonnyville No. 87,2017,1009089.9
4812004,Bonnyville No. 87,2018,898873.7
4812004,Bonnyville No. 87,2019,842260.3
4812004,Bonnyville No. 87,2020,800825.3
4812004,Bonnyville No. 87,2021,863964.0
4812004,Bonnyville No. 87,2022,901573.4
4812014,St. Paul County No. 19,2003,694138.8
4812014,St. Paul County No. 19,2004,707467.3
4812014,St. Paul County No. 19,2005,661139.0
4812014,St. Paul County No. 19,2006,640003.0
4812014,St. Paul County No. 19,2007,559004.0
4812014,St. Paul County No. 19,2008,539376.2
4812014,St. Paul County No. 19,2009,466633.3
4812014,St. Paul County No. 19,2010,458666.2
4812014,St. Paul County No. 19,2011,420561.9
4812014,St. Paul County No. 19,2012,387627.2
4812014,St. Paul County No. 19,2013,331264.0
4812014,St. Paul County No. 19,2014,297178.8
4812014,St. Paul County No. 19,2015,288685.5
4812014,St. Paul County No. 19,2016,273248.9
4812014,St. Paul County No. 19,2017,231341.9
4812014,St. Paul County No. 19,2018,199154.7
4812014,St. Paul County No. 19,2019,175236.1
4812014,St. Paul County No. 19,2020,166050.2
4812014,St. Paul County No. 19,2021,196173.8
4812014,St. Paul County No. 19,2022,173373.5
4812014,St. Paul County No. 19,2023,170114.6
4812022,Smoky Lake County,2023,77894.2
4812022,Smoky Lake County,2003,762895.8
4812022,Smoky Lake County,2004,692462.5
4812022,Smoky Lake County,2005,670636.0
4812022,Smoky Lake County,2006,669044.0
4812022,Smoky Lake County,2007,612652.0
4812022,Smoky Lake County,2008,552170.7
4812022,Smoky Lake County,2009,473099.3
4812022,Smoky Lake County,2010,416931.2
4812022,Smoky Lake County,2011,354876.2
4812022,Smoky Lake County,2012,285472.6
4812022,Smoky Lake County,2013,256563.5
4812022,Smoky Lake County,2014,237710.6
4812022,Smoky Lake County,2015,212983.9
4812022,Smoky Lake County,2016,196022.1
4812022,Smoky Lake County,2017,185659.3
4812022,Smoky Lake County,2018,128432.4
4812022,Smoky Lake County,2019,95006.0
4812022,Smoky Lake County,2020,76459.4
4812022,Smoky Lake County,2021,79560.1
4812022,Smoky Lake County,2022,75560.4
4819071,Peace No. 135,2003,16870.7
4819071,Peace No. 135,2004,40371.6
4819071,Peace No. 135,2005,49541.0
4819071,Peace No. 135,2006,61019.0
4819071,Peace No. 135,2007,56614.0
4819071,Peace No. 135,2008,36152.2
4819071,Peace No. 135,2009,34335.0
4819071,Peace No. 135,2010,23626.6
4819071,Peace No. 135,2011,28795.8
4819071,Peace No. 135,2012,18970.5
4819071,Peace No. 135,2013,11917.3
4819071,Peace No. 135,2014,16771.7
4819071,Peace No. 135,2015,17470.4
4819071,Peace No. 135,2016,14955.1
4819071,Peace No. 135,2017,18869.8
4819071,Peace No. 135,2018,19518.0
4819071,Peace No. 135,2019,18200.1
4819071,Peace No. 135,2020,16434.9
4819071,Peace No. 135,2021,14933.1
4819071,Peace No. 135,2022,15129.6
4819071,Peace No. 135,2023,16243.0
4814028,Improvement District No. 25 Willmore Wilderness,2003,0.0
4814028,Improvement District No. 25 Willmore Wilderness,2004,0.0
4814028,Improvement District No. 25 Willmore Wilderness,2005,0.0
4814028,Improvement District No. 25 Willmore Wilderness,2006,0.0
4814028,Improvement District No. 25 Willmore Wilderness,2007,0.0
4815007,Crowsnest Pass,2003,0.0
4815007,Crowsnest Pass,2004,0.0
4815007,Crowsnest Pass,2005,0.0
4815007,Crowsnest Pass,2006,86138.0
4815007,Crowsnest Pass,2007,83101.0
4815007,Crowsnest Pass,2009,329.8
4815007,Crowsnest Pass,2012,9210.3
4815007,Crowsnest Pass,2013,8509.0
4815013,Kananaskis,2003,551395.8
4815013,Kananaskis,2004,628114.7
4815013,Kananaskis,2005,805080.0
4815013,Kananaskis,2006,1133560.0
4815013,Kananaskis,2007,888994.0
4815013,Kananaskis,2008,902983.9
4815013,Kananaskis,2009,1005370.7
4815013,Kananaskis,2010,1065265.4
4815013,Kananaskis,2011,934399.8
4815013,Kananaskis,2012,872156.1
4815013,Kananaskis,2013,667656.0
4815013,Kananaskis,2014,656204.9
4815013,Kananaskis,2015,665213.7
4815013,Kananaskis,2016,556196.1
4815013,Kananaskis,2017,540794.3
4815013,Kananaskis,2018,546353.4
4815013,Kananaskis,2019,544649.1
4815013,Kananaskis,2020,471944.2
4815013,Kananaskis,2021,392427.0
4815013,Kananaskis,2022,475893.7
4815013,Kananaskis,2023,444750.4
4815015,Bighorn No. 8,2023,1054363.8
4815015,Bighorn No. 8,2003,3342546.5
4815015,Bighorn No. 8,2004,3382456.7
4815015,Bighorn No. 8,2005,3008105.0
4815015,Bighorn No. 8,2006,2957893.0
4815015,Bighorn No. 8,2007,2763633.0
4815015,Bighorn No. 8,2008,2717387.5
4815015,Bighorn No. 8,2009,2535496.0
4815015,Bighorn No. 8,2010,2537953.9
4815015,Bighorn No. 8,2011,2336201.8
4815015,Bighorn No. 8,2012,2113451.9
4815015,Bighorn No. 8,2013,2035636.3
4815015,Bighorn No. 8,2014,1839047.3
4815015,Bighorn No. 8,2015,1705497.4
4815015,Bighorn No. 8,2016,1495816.8
4815015,Bighorn No. 8,2017,1490909.6
4815015,Bighorn No. 8,2018,1326572.9
4815015,Bighorn No. 8,2019,1146196.1
4815015,Bighorn No. 8,2020,1248406.9
4815015,Bighorn No. 8,2021,1134960.9
4815015,Bighorn No. 8,2022,1141591.4
4815033,Jasper,2003,0.0
4815033,Jasper,2004,0.0
4815033,Jasper,2005,0.0
4815033,Jasper,2006,0.0
4815033,Jasper,2007,0.0
4815037,Improvement District No. 12 Jasper Park,2003,0.0
4815037,Improvement District No. 12 Jasper Park,2004,0.0
4815037,Improvement District No. 12 Jasper Park,2005,0.0
4815037,Improvement District No. 12 Jasper Park,2006,0.0
4815037,Improvement District No. 12 Jasper Park,2007,0.0
4815045,Ranchland No. 66,2003,442483.8
4815045,Ranchland No. 66,2004,430370.8
4815045,Ranchland No. 66,2005,356276.0
4815045,Ranchland No. 66,2006,442618.0
4815045,Ranchland No. 66,2007,391695.0
4815045,Ranchland No. 66,2008,403482.3
4815045,Ranchland No. 66,2009,364854.4
4815045,Ranchland No. 66,2010,352423.7
4815045,Ranchland No. 66,2011,343919.2
4815045,Ranchland No. 66,2012,161084.5
4815045,Ranchland No. 66,2013,54420.0
4815045,Ranchland No. 66,2014,48371.1
4815045,Ranchland No. 66,2015,43689.5
4815045,Ranchland No. 66,2016,26653.8
4815045,Ranchland No. 66,2017,3410.6
4815045,Ranchland No. 66,2018,248.3
4815045,Ranchland No. 66,2019,35426.0
4815045,Ranchland No. 66,2020,30512.1
4815045,Ranchland No. 66,2021,26371.7
4815045,Ranchland No. 66,2022,24212.9
4815045,Ranchland No. 66,2023,19549.7
4816037,Wood Buffalo,2023,1803774.6
4816037,Wood Buffalo,2003,2343271.8
4816037,Wood Buffalo,2004,1933449.6
4816037,Wood Buffalo,2005,1590357.0
4816037,Wood Buffalo,2006,1472996.0
4816037,Wood Buffalo,2007,1397249.0
4816037,Wood Buffalo,2008,1334377.5
4816037,Wood Buffalo,2009,1191017.5
4816037,Wood Buffalo,2010,949655.6
4816037,Wood Buffalo,2011,861699.1
4816037,Wood Buffalo,2012,719790.4
4816037,Wood Buffalo,2013,645663.7
4816037,Wood Buffalo,2014,724058.1
4816037,Wood Buffalo,2015,767796.0
4816037,Wood Buffalo,2016,789217.7
4816037,Wood Buffalo,2017,1002844.5
4816037,Wood Buffalo,2018,1194853.9
4816037,Wood Buffalo,2019,1192558.8
4816037,Wood Buffalo,2020,1237105.3
4816037,Wood Buffalo,2021,1555575.8
4816037,Wood Buffalo,2022,1697500.1
4810068,Improvement District No. 13 Elk Island,2003,0.0
4810068,Improvement District No. 13 Elk Island,2004,0.0
4810068,Improvement District No. 13 Elk Island,2005,0.0
4810068,Improvement District No. 13 Elk Island,2006,0.0
4810068,Improvement District No. 13 Elk Island,2007,0.0
4811012,Leduc County,2003,1955216.6
4811012,Leduc County,2004,2986581.2
4811012,Leduc County,2005,3091745.0
4811012,Leduc County,2006,2910209.0
4811012,Leduc County,2007,1851170.0
4811012,Leduc County,2008,471519.4
4811012,Leduc County,2009,323112.8
4811012,Leduc County,2010,323332.8
4811012,Leduc County,2011,341568.3
4811012,Leduc County,2012,312033.0
4811012,Leduc County,2013,338465.3
4811012,Leduc County,2014,358362.1
4811012,Leduc County,2015,339907.3
4811012,Leduc County,2016,294637.7
4811012,Leduc County,2017,280821.4
4811012,Leduc County,2018,331041.4
4811012,Leduc County,2019,356847.8
4811012,Leduc County,2020,296522.3
4811012,Leduc County,2021,370813.8
4811012,Leduc County,2022,381598.6
4811012,Leduc County,2023,389591.9
4811001,Wetaskiwin County No. 10,2023,755836.1
4811001,Wetaskiwin County No. 10,2003,2191076.3
4811001,Wetaskiwin County No. 10,2004,1741806.2
4811001,Wetaskiwin County No. 10,2005,1545369.0
4811001,Wetaskiwin County No. 10,2006,1520672.0
4811001,Wetaskiwin County No. 10,2007,1434564.0
4811001,Wetaskiwin County No. 10,2008,1367305.5
4811001,Wetaskiwin County No. 10,2009,1233493.2
4811001,Wetaskiwin County No. 10,2010,1111801.3
4811001,Wetaskiwin County No. 10,2011,1148933.5
4811001,Wetaskiwin County No. 10,2012,1115483.9
4811001,Wetaskiwin County No. 10,2013,1007989.6
4811001,Wetaskiwin County No. 10,2014,997864.5
4811001,Wetaskiwin County No. 10,2015,920251.2
4811001,Wetaskiwin County No. 10,2016,846509.1
4811001,Wetaskiwin County No. 10,2017,917296.8
4811001,Wetaskiwin County No. 10,2018,854042.0
4811001,Wetaskiwin County No. 10,2019,782554.8
4811001,Wetaskiwin County No. 10,2020,708482.8
4811001,Wetaskiwin County No. 10,2021,726310.9
4811001,Wetaskiwin County No. 10,2022,748663.7
4817076,Northern Lights County,2003,2935916.8
4817076,Northern Lights County,2004,2401263.8
4817076,Northern Lights County,2005,2213524.0
4817076,Northern Lights County,2006,1987106.0
4817076,Northern Lights County,2007,1805259.0
4817076,Northern Lights County,2008,1616050.4
4817076,Northern Lights County,2009,1390830.4
4817076,Northern Lights County,2010,1194697.7
4817076,Northern Lights County,2011,1032570.1
4817076,Northern Lights County,2012,857471.9
4817076,Northern Lights County,2013,710364.3
4817076,Northern Lights County,2014,647839.8
4817076,Northern Lights County,2015,619431.9
4817076,Northern Lights County,2016,522641.7
4817076,Northern Lights County,2017,486024.3
4817076,Northern Lights County,2018,399751.3
4817076,Northern Lights County,2019,249547.0
4817076,Northern Lights County,2020,197061.7
4817076,Northern Lights County,2021,190371.0
4817076,Northern Lights County,2022,179310.1
4817076,Northern Lights County,2023,170123.2
4813036,Thorhild County,2023,29438.1
4813036,Thorhild County,2003,232536.1
4813036,Thorhild County,2004,208232.7
4813036,Thorhild County,2005,201972.0
4813036,Thorhild County,2006,196614.0
4813036,Thorhild County,2007,213385.0
4813036,Thorhild County,2008,195664.8
4813036,Thorhild County,2009,163712.8
4813036,Thorhild County,2010,159651.5
4813036,Thorhild County,2011,126600.1
4813036,Thorhild County,2012,100018.9
4813036,Thorhild County,2013,88049.1
4813036,Thorhild County,2014,77919.5
4813036,Thorhild County,2015,70419.7
4813036,Thorhild County,2016,57612.1
4813036,Thorhild County,2017,49190.3
4813036,Thorhild County,2018,28504.2
4813036,Thorhild County,2019,15043.8
4813036,Thorhild County,2020,8006.1
4813036,Thorhild County,2021,8775.0
4813036,Thorhild County,2022,15408.9
4813044,Athabasca County,2003,707520.6
4813044,Athabasca County,2004,635894.4
4813044,Athabasca County,2005,523069.0
4813044,Athabasca County,2006,497639.0
4813044,Athabasca County,2007,513005.0
4813044,Athabasca County,2008,459294.3
4813044,Athabasca County,2009,410396.9
4813044,Athabasca County,2010,334488.7
4813044,Athabasca County,2011,288677.2
4813044,Athabasca County,2012,216301.6
4813044,Athabasca County,2013,177647.4
4813044,Athabasca County,2014,143349.7
4813044,Athabasca County,2015,117059.6
4813044,Athabasca County,2016,118174.6
4813044,Athabasca County,2017,105921.5
4813044,Athabasca County,2018,88135.9
4813044,Athabasca County,2019,68700.3
4813044,Athabasca County,2020,61965.9
4813044,Athabasca County,2021,60658.1
4813044,Athabasca County,2022,90363.7
4813044,Athabasca County,2023,102270.5
4817033,Lesser Slave River No.124,2023,857847.6
4817033,Lesser Slave River No.124,2003,1810781.7
4817033,Lesser Slave River No.124,2004,1717581.5
4817033,Lesser Slave River No.124,2005,1592352.0
4817033,Lesser Slave River No.124,2006,1490133.0
4817033,Lesser Slave River No.124,2007,1341143.0
4817033,Lesser Slave River No.124,2008,1234603.2
4817033,Lesser Slave River No.124,2009,1052769.0
4817033,Lesser Slave River No.124,2010,868295.3
4817033,Lesser Slave River No.124,2011,697536.7
4817033,Lesser Slave River No.124,2012,571789.8
4817033,Lesser Slave River No.124,2013,477200.0
4817033,Lesser Slave River No.124,2014,428505.3
4817033,Lesser Slave River No.124,2015,374686.7
4817033,Lesser Slave River No.124,2016,327600.7
4817033,Lesser Slave River No.124,2017,341176.0
4817033,Lesser Slave River No.124,2018,270544.2
4817033,Lesser Slave River No.124,2019,244875.2
4817033,Lesser Slave River No.124,2020,269961.9
4817033,Lesser Slave River No.124,2021,418502.5
4817033,Lesser Slave River No.124,2022,620671.6
4810058,Lamont County,2003,235989.7
4810058,Lamont County,2004,316346.4
4810058,Lamont County,2005,457829.0
4810058,Lamont County,2006,459451.0
4810058,Lamont County,2007,442994.0
4810058,Lamont County,2008,416573.2
4810058,Lamont County,2009,332872.7
4810058,Lamont County,2010,266869.4
4810058,Lamont County,2011,222339.7
4810058,Lamont County,2012,156061.4
4810058,Lamont County,2013,126106.8
4810058,Lamont County,2014,112490.0
4810058,Lamont County,2015,98245.8
4810058,Lamont County,2016,69500.3
4810058,Lamont County,2017,66258.1
4810058,Lamont County,2018,30210.0
4810058,Lamont County,2019,25811.7
4810058,Lamont County,2020,23783.4
4810058,Lamont County,2021,21949.1
4810058,Lamont County,2022,28942.8
4810058,Lamont County,2023,32506.7
4810048,Two Hills County No. 21,2023,51132.3
4810048,Two Hills County No. 21,2003,363376.0
4810048,Two Hills County No. 21,2004,335914.5
4810048,Two Hills County No. 21,2005,400696.0
4810048,Two Hills County No. 21,2006,508612.0
4810048,Two Hills County No. 21,2007,464449.0
4810048,Two Hills County No. 21,2008,410902.4
4810048,Two Hills County No. 21,2009,380648.8
4810048,Two Hills County No. 21,2010,342152.2
4810048,Two Hills County No. 21,2011,292117.6
4810048,Two Hills County No. 21,2012,220846.4
4810048,Two Hills County No. 21,2013,197860.7
4810048,Two Hills County No. 21,2014,197648.9
4810048,Two Hills County No. 21,2015,190936.6
4810048,Two Hills County No. 21,2016,157320.7
4810048,Two Hills County No. 21,2017,142952.3
4810048,Two Hills County No. 21,2018,88751.5
4810048,Two Hills County No. 21,2019,61605.4
4810048,Two Hills County No. 21,2020,55611.2
4810048,Two Hills County No. 21,2021,49977.2
4810048,Two Hills County No. 21,2022,44237.6
4814003,Yellowhead County,2003,17345621.8
4814003,Yellowhead County,2004,17888304.0
4814003,Yellowhead County,2005,18629702.0
4814003,Yellowhead County,2006,19722578.0
4814003,Yellowhead County,2007,20956125.0
4814003,Yellowhead County,2008,20778308.5
4814003,Yellowhead County,2009,19882517.2
4814003,Yellowhead County,2010,19108515.1
4814003,Yellowhead County,2011,19840067.0
4814003,Yellowhead County,2012,20283349.3
4814003,Yellowhead County,2013,21087969.9
4814003,Yellowhead County,2014,23807596.8
4814003,Yellowhead County,2015,24323632.4
4814003,Yellowhead County,2016,24758298.5
4814003,Yellowhead County,2017,25767127.1
4814003,Yellowhead County,2018,25556037.5
4814003,Yellowhead County,2019,24212801.8
4814003,Yellowhead County,2020,23023883.2
4814003,Yellowhead County,2021,23373980.2
4814003,Yellowhead County,2022,23205534.1
4814003,Yellowhead County,2023,21776608.1
