CSD,Period,Key,0-4 (Count of People),05-09 (Count of People),10-14 (Count of People),15-19 (Count of People),20-24 (Count of People),25-29 (Count of People),30-34 (Count of People),35-39 (Count of People),40-44 (Count of People),45-49 (Count of People),50-54 (Count of People),55-59 (Count of People),Life Expectancy (Years),Oil Wells (Count),Natural Gas Production (m^3),CH4 Equivalent (t),CO2 Equivalent (t),N2O Equivalent (t),Oats (Count),Canola (Count),Barley (Count),Durum Wheat (Count),Non-Durum Wheat (Count),Other Crops (Count),Cattle and Calves (Count),Pigs (Count),Dwelling Units (Count),"Apartment, less than 5 stories (Count)","Apartment, 5 or more stories (Count)","Apartment, duplex (Count)",Movable dwelling (Count),Other attached dwelling (Count),Row house (Count),Semi-detached house (Count),Single-detached house (Count),Residence/Housing Starts (Count),Vehicle Registration (Count),Fire Size (Hectares),Fires (Count),Adjusted_AQHI
Red Deer,2011,Red Deer2011,6357,1090,5213,6256,8056,9159,7903,6612,6136,6786,7214,4771,79.92999999999999,,,0.0,0.0,0.0,,,,,,,,,39227.0,7340.0,555.0,1065.0,1080.0,35.0,3530.0,2970.0,19775.0,555.0,83466.0,,,2.74906
Red Deer,2012,Red Deer2012,6581,1244,5401,6163,8080,9342,8379,6963,6415,6585,7419,5102,79.97,,,0.0,0.0,0.0,,,,,,,,,39227.0,,,,,,,,,568.0,86641.0,,,2.4325243252432522
Red Deer,2013,Red Deer2013,6716,1277,5565,6073,8162,9334,8873,7323,6621,6403,7459,5374,80.14999999999999,,,0.0,0.0,0.0,,,,,,,,,40893.0,,,,,,,,,784.0,89627.0,,,2.5446600000000004
Red Deer,2014,Red Deer2014,6734,1355,5687,6125,8080,9344,9131,7707,6832,6270,7521,5504,80.17666666666666,,,0.0,0.0,0.0,,,,,,,,,41308.0,,,,,,,,,867.0,93030.0,,,2.23417
Red Deer,2015,Red Deer2015,6652,1359,5775,6149,7785,9215,9174,7910,6990,6235,7223,5582,80.34,,,0.0,0.0,0.0,,,,,,,,,42034.0,,,,,,,,,692.0,92096.0,,,2.26231
Red Deer,2016,Red Deer2016,6493,1255,5801,6201,7515,8812,8992,8016,7082,6360,6806,5707,80.57666666666667,,,0.0,0.0,0.0,,,,,,,,,42664.0,8415.0,590.0,1520.0,1085.0,35.0,4025.0,3255.0,21060.0,375.0,86902.0,,,1.9000409995900038
Red Deer,2017,Red Deer2017,6379,1334,6066,6160,7275,8299,8940,8200,7208,6477,6622,5681,80.67333333333333,,,83462.575,23793.164,158.536,,,,,,,,,42664.0,,,,,,,,,331.0,85220.0,,,2.2627726277262767
Red Deer,2018,Red Deer2018,6333,1341,6301,6171,6975,8029,8710,8425,7305,6594,6399,5718,80.72666666666667,,,84438.625,31503.397,374.884,,,,,,,,,42664.0,,,,,,,,,272.0,85721.0,,,2.6648766487664877
Red Deer,2019,Red Deer2019,6187,1346,6514,6138,6840,7820,8498,8434,7530,6689,6143,5675,80.82,,,79088.0,30295.55058,162.112,,,,,,,,,42664.0,,,,,,,,,244.0,83801.0,,,2.32946
Red Deer,2020,Red Deer2020,6124,1235,6688,6119,6471,7486,8339,8409,7711,6783,6071,5449,80.79,,,81672.8675,39121.5524,197.5144,,,,,,,,,42780.0,,,,,,,,,171.0,84098.0,,,2.2323923239232393
Red Deer,2021,Red Deer2021,5610,1251,6564,6327,6604,7077,7985,8316,7866,6769,6190,5191,80.66000000000001,,,81087.325,67350.3888,392.2872,,,,,,,,,42780.0,8495.0,590.0,1365.0,1040.0,17365.0,4130.0,3335.0,21515.0,207.0,,,,2.36964
Red Deer,2022,Red Deer2022,5383,1165,6532,6472,6687,6901,7814,8354,7999,6980,6382,4925,80.58333333333333,,,,,,,,,,,,,,42780.0,,,,,,,,,166.0,,,,2.35551
Fort Saskatchewan,2011,Fort Saskatchewan2011,1388,266,1161,1338,1606,1720,1609,1504,1372,1483,1409,940,81.15666666666667,,,29261.44988,2787431.393,12655.9706,,,,,,,,,7794.0,1205.0,0.0,30.0,0.0,0.0,525.0,780.0,4795.0,,20073.0,,,2.4137658623413767
Fort Saskatchewan,2012,Fort Saskatchewan2012,1486,298,1190,1365,1714,1870,1764,1621,1425,1506,1496,994,81.26666666666667,2.0,0.0,31896.88013,2663783.464,13380.32218,,,,,,,,,8130.0,,,,,,,,,,20691.0,,,2.1828000000000003
Fort Saskatchewan,2013,Fort Saskatchewan2013,1561,331,1228,1368,1789,2043,1928,1734,1485,1530,1542,1057,81.29333333333334,,,39113.52489,2801317.176,13160.9018,,,,,,,,,8843.0,,,,,,,,,,21513.0,,,2.2322
Fort Saskatchewan,2014,Fort Saskatchewan2014,1613,328,1250,1352,1813,2195,2064,1819,1530,1549,1543,1110,81.2,6.0,,40659.68928,2532551.226,12871.7226,,,,,,,,,9709.0,,,,,,,,,,22517.0,,,2.31395
Fort Saskatchewan,2015,Fort Saskatchewan2015,1720,323,1280,1346,1766,2358,2214,1829,1599,1518,1553,1148,81.27,7.0,,25421.50015,2587368.354,13018.875,,,,,,,,,10244.0,,,,,,,,,,23324.0,,,2.3067769322306773
Fort Saskatchewan,2016,Fort Saskatchewan2016,1902,360,1431,1349,1746,2404,2438,1972,1668,1524,1596,1232,81.42666666666666,2.0,,28108.51973,2489890.824,12276.2292,,,,,,,,,10485.0,1550.0,0.0,25.0,0.0,0.0,525.0,1205.0,5950.0,,23466.0,,,2.16759
Fort Saskatchewan,2017,Fort Saskatchewan2017,1961,362,1532,1424,1711,2461,2593,2146,1756,1515,1594,1234,81.63333333333333,,,27533.2575,2544029.656,44918.0168,,,,,,,,,10675.0,,,,,,,,,,23652.0,,,2.3576664233357665
Fort Saskatchewan,2018,Fort Saskatchewan2018,1994,368,1616,1445,1636,2410,2645,2284,1839,1566,1564,1225,81.75666666666666,,,19712.02173,2653017.213,11991.69314,,,,,,,,,10333.0,,,,,,,,,,24389.0,,,2.6789099999999997
Fort Saskatchewan,2019,Fort Saskatchewan2019,2044,375,1680,1409,1631,2310,2661,2418,1941,1611,1560,1222,82.04666666666667,1.0,,17423.3366,2728031.59,11873.39369,,,,,,,,,10379.0,,,,,,,,,,24681.0,,,2.335306646933531
Fort Saskatchewan,2020,Fort Saskatchewan2020,1942,405,1715,1493,1599,2160,2660,2479,1990,1700,1549,1275,81.98333333333333,,,26413.21155,2825532.202,12983.72024,,,,,,,,,11136.0,,,,,,,,,,25313.0,,,2.1900180998190013
Fort Saskatchewan,2021,Fort Saskatchewan2021,1961,445,1809,1583,1678,2244,2591,2645,2099,1694,1545,1261,81.98666666666666,,,18574.66785,2609368.567,10673.04463,,,,,,,,,11486.0,1750.0,0.0,30.0,0.0,3755.0,530.0,1445.0,6660.0,,,,,2.4724347243472424
Fort Saskatchewan,2022,Fort Saskatchewan2022,1846,394,1870,1616,1638,2218,2570,2721,2265,1721,1546,1249,81.75333333333333,,,,,,,,,,,,,,11704.0,,,,,,,,,,,,,2.5847358473584734
Edmonton,2011,Edmonton2011,51608,8874,42933,50738,73389,83521,71233,60591,57725,61873,61850,43264,80.87,,4804.3,394459.1103,1327906.506,19193.7038,0.0,3487.0,662.0,0.0,0.0,5863.0,185.0,0.0,341674.0,74765.0,25515.0,8420.0,2835.0,180.0,31250.0,16025.0,165760.0,9332.0,602783.0,,,2.8909700000000003
Edmonton,2012,Edmonton2012,53298,9648,43354,50208,73141,85659,75408,63118,58643,60673,62514,45018,81.01666666666667,0.0,4106.6,342998.2825,1348471.101,21369.34786,,,,,,,,,348140.0,,,,,,,,,12837.0,629350.0,,,2.725254505090102
Edmonton,2013,Edmonton2013,55239,10362,44439,50535,73610,88300,80433,66877,60425,59696,63478,46536,81.13666666666667,,3946.6,353368.4503,1202868.063,20794.2469,,,,,,,,,356063.0,,,,,,,,,14689.0,656563.0,,,2.834
Edmonton,2014,Edmonton2014,57566,10700,45815,51225,74387,91375,85648,71132,62349,59396,64274,47588,81.27,,2750.1,327960.7996,1203930.366,20766.79156,,,,,,,,,389527.0,,,,,,,,,13872.0,685437.0,,,2.6667199999999998
Edmonton,2015,Edmonton2015,59688,11108,47196,51695,74047,92449,88394,74303,63457,59189,63946,48382,81.41333333333334,,1088.6,255667.312,1175395.993,20945.68096,,,,,,,,,389527.0,,,,,,,,,17050.0,694584.0,,,2.682993170068299
Edmonton,2016,Edmonton2016,61836,11678,48899,52460,74021,92610,90496,76681,65088,60120,62537,49076,81.59333333333333,,786.4,335283.4401,1381983.861,21534.3144,952.0,9156.0,4060.0,0.0,0.0,6109.0,2829.0,0.0,387950.0,83775.0,25785.0,10015.0,2650.0,95.0,36075.0,22215.0,180215.0,10036.0,679558.0,,,2.486214862148621
Edmonton,2017,Edmonton2017,63624,11756,51197,53052,72932,91802,91513,79911,67057,61177,61675,49436,81.71666666666667,,1143.5,318921.9053,2036372.462,25819.18846,,,,,,,,,387950.0,,,,,,,,,11435.0,690375.0,,,2.683123662473249
Edmonton,2018,Edmonton2018,64591,12171,53587,54108,72693,91503,92611,82971,69506,62217,60263,50291,81.82,1.0,1212.0,260596.8382,2641569.054,26359.35458,,,,,,,,,387950.0,,,,,,,,,10038.0,707769.0,,,2.88331
Edmonton,2019,Edmonton2019,65877,12532,55737,54910,72956,90918,94374,86360,72334,63471,59615,50755,81.94666666666666,,1125.1,302292.5402,2715821.53,27115.94529,,,,,,,,,387950.0,,,,,,,,,10720.0,704657.0,,,2.5885058850588507
Edmonton,2020,Edmonton2020,66072,13159,57967,55347,73316,89631,95836,89195,75276,64752,59514,50279,81.84333333333333,,1057.9,257165.0508,2183966.227,25578.18215,,,,,,,,,387950.0,,,,,,,,,11512.0,712934.0,,,2.428785712142879
Edmonton,2021,Edmonton2021,63838,13024,59566,55642,73001,85582,93945,90751,77695,66179,60809,49285,81.74,,825.3,276715.2747,2324893.7,33240.68744,0.0,13722.0,5263.0,0.0,12836.0,4056.0,3882.0,0.0,387950.0,91250.0,29385.0,10100.0,1960.0,168550.0,38525.0,28590.0,196510.0,12546.0,,,,2.675036750367504
Edmonton,2022,Edmonton2022,63312,13394,61418,58282,74263,86786,94634,92417,80824,67875,61782,47863,81.60333333333334,,793.9,,,,,,,,,,,,428857.0,,,,,,,,,14586.0,,,,2.67972
Lethbridge,2011,Lethbridge2011,5279,931,4391,5430,8310,7619,6124,5214,4946,5786,6133,4588,80.67,,,0.0,0.0,0.0,,,,,,,,,38316.0,4850.0,725.0,1970.0,775.0,20.0,1610.0,2035.0,22160.0,766.0,74064.0,,,2.490465095349047
Lethbridge,2012,Lethbridge2012,5487,1021,4476,5394,8310,7698,6419,5397,5048,5588,6180,4707,80.77666666666666,,,0.0,0.0,0.0,,,,,,,,,39214.0,,,,,,,,,660.0,75670.0,,,2.4085759142408585
Lethbridge,2013,Lethbridge2013,5493,1080,4483,5439,8240,7840,6661,5542,5139,5459,6113,4855,80.89,,,0.0,0.0,0.0,,,,,,,,,39747.0,,,,,,,,,648.0,77446.0,,,2.3876200000000005
Lethbridge,2014,Lethbridge2014,5602,1141,4640,5582,8252,8050,6973,5875,5348,5344,6118,4980,80.79333333333334,,,0.0,0.0,0.0,,,,,,,,,40143.0,,,,,,,,,676.0,80013.0,,,2.38187
Lethbridge,2015,Lethbridge2015,5574,1114,4666,5420,8209,8097,7084,5962,5468,5243,5907,4985,81.01666666666667,,,0.0,0.0,0.0,,,,,,,,,40770.0,,,,,,,,,833.0,81494.0,,,2.500144998550014
Lethbridge,2016,Lethbridge2016,5780,1112,4925,5501,8249,8198,7339,6252,5594,5273,5826,5000,80.94333333333333,,,0.0,0.0,0.0,,,,,,,,,41287.0,5140.0,760.0,2810.0,770.0,10.0,2080.0,2280.0,23715.0,677.0,81615.0,,,2.15808
Lethbridge,2017,Lethbridge2017,5692,1122,5146,5439,8292,8343,7328,6533,5665,5452,5686,4971,80.92666666666666,,,14.65,32880.0,195.786,,,,,,,,,41945.0,,,,,,,,,769.0,80797.0,,,2.46196
Lethbridge,2018,Lethbridge2018,5747,1116,5393,5366,8285,8646,7539,6835,5782,5514,5569,4929,81.10666666666667,,,26.16998,52519.504,409.59415,,,,,,,,,41945.0,,,,,,,,,560.0,82195.0,,,2.6049979000419996
Lethbridge,2019,Lethbridge2019,5821,1065,5611,5604,8233,8731,7712,7116,6004,5594,5388,4873,81.25,,,30.77628,63448.682,333.42177,,,,,,,,,42710.0,,,,,,,,,637.0,81915.0,,,2.235477645223548
Lethbridge,2020,Lethbridge2020,5827,1181,5875,5575,8052,8794,7985,7251,6270,5701,5350,4834,81.19333333333334,,,31.8475,66030.601,355.961,,,,,,,,,42710.0,,,,,,,,,499.0,82863.0,,,2.2321176788232124
Lethbridge,2021,Lethbridge2021,5492,1179,5948,5776,8373,7991,7637,7253,6502,5836,5372,4677,81.14,,,23.86,49571.594,263.6406,,,,,,,,,42935.0,5425.0,820.0,3080.0,765.0,13450.0,2405.0,2545.0,25180.0,639.0,,,,2.4352656473435266
Lethbridge,2022,Lethbridge2022,5422,1147,6087,5861,8423,8307,7867,7311,6791,5917,5491,4557,81.04333333333334,,,,,,,,,,,,,,43307.0,,,,,,,,,816.0,,,,2.29373
Newell County,2021,Newell County2021,513,108,626,579,436,426,372,457,509,459,511,414,81.21666666666667,99.0,3185401.6,49055.71022,186347.8007,16328.54882,5149.0,73887.0,53510.0,20666.0,91281.0,175328.0,235200.0,39648.0,3107.0,0.0,0.0,0.0,380.0,10.0,0.0,0.0,2015.0,,,,,2.1112099999999994
Newell County,2022,Newell County2022,486,105,643,615,441,407,396,454,487,491,482,395,80.89,169.0,3090067.9,,,,,,,,,,,,3145.0,,,,,,,,,,,,,2.0447695523044764
Caroline,2011,Caroline2011,39,15,25,30,30,40,38,20,26,33,33,26,78.69666666666666,,,0.0,0.0,0.0,,,,,,,,,256.0,0.0,0.0,0.0,75.0,0.0,15.0,15.0,105.0,,2545.0,,,2.102751027510275
Caroline,2012,Caroline2012,32,14,23,24,25,42,40,20,29,32,33,26,78.58,,,0.0,0.0,0.0,,,,,,,,,258.0,,,,,,,,,,2601.0,,,2.0655400000000004
Caroline,2013,Caroline2013,28,15,26,23,25,39,44,20,30,30,36,30,78.52666666666666,,,0.0,0.0,0.0,,,,,,,,,258.0,,,,,,,,,,2586.0,,,2.1250912509125084
Caroline,2014,Caroline2014,26,15,28,15,27,37,42,21,28,32,39,33,78.63,,,0.0,0.0,0.0,,,,,,,,,254.0,,,,,,,,,,2626.0,,,2.08402
Caroline,2015,Caroline2015,31,8,32,14,25,38,41,25,27,31,35,37,78.8,,,0.0,0.0,0.0,,,,,,,,,242.0,,,,,,,,,,2678.0,,,2.08464
Caroline,2016,Caroline2016,32,3,38,22,20,32,38,37,26,34,32,35,78.89333333333333,,,0.0,0.0,0.0,,,,,,,,,240.0,10.0,0.0,20.0,85.0,0.0,5.0,5.0,110.0,,2613.0,,,1.9401300000000001
Caroline,2017,Caroline2017,22,7,42,23,18,15,44,27,32,30,33,29,78.72666666666667,,,0.0,0.0,0.0,,,,,,,,,240.0,,,,,,,,,,2584.0,,,2.2744127441274413
Caroline,2018,Caroline2018,22,5,42,27,13,10,38,25,34,25,31,29,78.69333333333333,,,0.0,0.0,0.0,,,,,,,,,240.0,,,,,,,,,,2649.0,,,2.319333193331934
Caroline,2019,Caroline2019,29,2,42,23,17,15,33,34,34,23,34,22,78.71333333333332,,,0.0,0.0,0.0,,,,,,,,,240.0,,,,,,,,,,2659.0,,,2.0290602906029056
Caroline,2020,Caroline2020,30,11,27,20,17,9,32,30,32,20,35,24,78.72666666666667,,,0.0,0.0,0.0,,,,,,,,,240.0,,,,,,,,,,2703.0,,,1.9546995469954698
Caroline,2021,Caroline2021,22,6,36,38,18,17,41,37,39,20,29,18,78.12333333333333,,,0.0,0.0,0.0,,,,,,,,,246.0,20.0,0.0,0.0,75.0,35.0,10.0,0.0,105.0,,,,,2.1908861822763543
Caroline,2022,Caroline2022,32,6,36,40,22,24,26,48,25,27,26,21,77.87666666666667,,,,,,,,,,,,,,245.0,,,,,,,,,,,,,2.0599894001059997
Airdrie,2017,Airdrie2017,5720,1194,4724,3838,3380,5059,6956,6796,5526,4573,3722,2766,82.90333333333332,,,32445.725,254586.2111,1920.6696,,,,,,,,,25031.0,,,,,,,,,,55749.0,,,2.3482234822348227
Airdrie,2018,Airdrie2018,5667,1225,5173,4022,3445,4829,6960,7263,5965,4875,3795,2853,82.89666666666666,,,41680.8,338045.2523,2611.2548,,,,,,,,,25709.0,,,,,,,,,,56348.0,,,2.6174661746617467
Airdrie,2019,Airdrie2019,5641,1232,5530,4291,3575,4664,6891,7557,6430,5107,3858,2992,82.88666666666667,,,37626.72,374044.8921,2905.649,,,,,,,,,26577.0,,,,,,,,,,56471.0,,,2.251482514825148
Airdrie,2020,Airdrie2020,5518,1260,5977,4477,3591,4481,6603,7849,6794,5384,4069,3080,82.89,,,17350.875,268436.995,2060.372,,,,,,,,,27120.0,,,,,,,,,,58437.0,,,2.1635600000000004
Airdrie,2021,Airdrie2021,5712,1273,6345,4633,3695,4534,6557,7882,7069,5513,4352,3045,82.91000000000001,,,10679.375,287790.542,2207.882,,,,,,,,,27971.0,3270.0,40.0,80.0,205.0,8840.0,3780.0,1660.0,17215.0,,,,,2.3611836118361182
Airdrie,2022,Airdrie2022,5527,1271,6583,5035,3962,4419,6663,7960,7474,5869,4594,3148,82.98333333333333,,,,,,,,,,,,,,29195.0,,,,,,,,,,,,,2.28974
Medicine Hat,2011,Medicine Hat2011,3714,673,3518,3716,4208,4725,4494,3894,3833,4407,4806,3483,79.62666666666667,,,7598.1956,2319163.46,41872.19456,,,,,,,,,27564.0,4705.0,205.0,480.0,775.0,20.0,1580.0,1370.0,16305.0,150.0,57383.0,,,2.5630543694563053
Medicine Hat,2012,Medicine Hat2012,3781,703,3510,3676,4284,4654,4646,3964,3833,4267,4881,3611,79.67666666666666,,,20680.85301,2445736.666,9523.9611,,,,,,,,,28321.0,,,,,,,,,284.0,58493.0,,,2.53065
Medicine Hat,2013,Medicine Hat2013,3754,776,3527,3697,4280,4570,4721,4116,3838,4065,4870,3684,79.73333333333333,,,6838.30255,2581635.154,9864.0685,,,,,,,,,30028.0,,,,,,,,,264.0,59498.0,,,2.53198
Medicine Hat,2014,Medicine Hat2014,3775,726,3545,3694,4213,4488,4846,4223,3863,3925,4849,3712,79.73,,,7698.08503,2371228.364,9538.6823,,,,,,,,,30275.0,,,,,,,,,273.0,60988.0,,,2.1861462770744584
Medicine Hat,2015,Medicine Hat2015,3775,749,3586,3704,4049,4464,4800,4342,3828,3840,4649,3832,79.91333333333334,,,7142.19245,2599706.751,9837.2777,,,,,,,,,30538.0,,,,,,,,,190.0,60995.0,,,2.300083000830009
Medicine Hat,2016,Medicine Hat2016,3741,731,3655,3709,3880,4403,4724,4427,3863,3843,4394,3864,79.89,,,11284.75745,2413455.568,9561.8959,,,,,,,,,29391.0,4765.0,210.0,520.0,795.0,25.0,1725.0,1505.0,17105.0,160.0,60173.0,,,2.0474599999999996
Medicine Hat,2017,Medicine Hat2017,3686,740,3722,3715,3788,4310,4609,4546,3930,3750,4257,3852,79.88666666666667,,,10868.445,2410431.154,10033.5706,,,,,,,,,29391.0,,,,,,,,,140.0,59515.0,,,2.40532
Medicine Hat,2018,Medicine Hat2018,3578,786,3810,3632,3880,4215,4560,4567,4048,3712,4047,3835,79.92666666666666,,,12210.89,2973207.437,10677.95388,,,,,,,,,29893.0,,,,,,,,,346.0,60465.0,,,2.5238100000000006
Medicine Hat,2019,Medicine Hat2019,3495,734,3778,3649,3824,4091,4449,4636,4154,3746,3869,3781,80.08666666666666,,,12561.9525,2858455.699,12590.18412,,,,,,,,,29955.0,,,,,,,,,88.0,59821.0,,,2.33503
Medicine Hat,2020,Medicine Hat2020,3376,773,3796,3594,3828,3949,4442,4643,4260,3733,3769,3610,80.21,,,10388.1875,2699984.988,11501.0418,,,,,,,,,30257.0,,,,,,,,,122.0,60072.0,,,2.2551125511255106
Medicine Hat,2021,Medicine Hat2021,3144,719,3896,3667,3795,3742,4275,4587,4386,3795,3751,3409,80.03333333333335,,,9180.18165,3096118.801,11048.8864,,,,,,,,,30006.0,5095.0,235.0,485.0,855.0,8875.0,1740.0,1525.0,17250.0,149.0,,,,2.4441599999999997
Medicine Hat,2022,Medicine Hat2022,2968,712,3837,3737,3810,3719,4126,4498,4456,3921,3665,3277,79.94333333333334,,,,,,,,,,,,,,30060.0,,,,,,,,,174.0,,,,2.2827100000000002
"Taber, M.D.",2021,"Taber, M.D.2021",817,145,791,730,502,436,463,459,461,391,359,316,,,141689.0,4068.43248,46701.88903,728.6404,2832.0,82418.0,70319.0,66211.0,123959.0,239369.0,111668.0,78394.0,2277.0,0.0,0.0,0.0,140.0,25.0,0.0,10.0,1805.0,,,,,2.4422455775442242
"Taber, M.D.",2022,"Taber, M.D.2022",729,199,806,755,500,434,460,465,475,390,359,294,,3.0,149550.2,,,,,,,,,,,,2288.0,,,,,,,,,,,,,2.2130600000000005
Foothills County,2019,Foothills County2019,812,219,1525,1534,1366,827,859,1239,1492,1760,1998,1990,83.33,2.0,139680.8,81605.03075,81673.883,1457.34516,,,,,,,,,1.0,,,,,,,,,62.0,15074.0,,,2.08594
Foothills County,2021,Foothills County2021,882,238,1557,1509,1173,855,894,1308,1516,1661,1907,1749,83.29666666666667,2.0,193147.7,81416.13455,80710.21151,1385.72801,6135.0,77020.0,90149.0,0.0,82713.0,108952.0,162603.0,0.0,9721.0,,,,,,,,,121.0,,,,2.1470800000000003
Foothills County,2022,Foothills County2022,766,225,1452,1633,1261,789,892,1284,1548,1690,1888,1722,83.16666666666667,,185487.6,,,,,,,,,,,,9721.0,,,,,,,,,148.0,,,,2.629353706462935
Calgary,2011,Calgary2011,73463,13265,62486,69069,84092,102897,98298,91389,87985,89430,86685,58120,82.39,,49068.1,531072.6317,2396165.225,26903.7082,165.0,0.0,7600.0,0.0,7342.0,10527.0,634.0,0.0,450952.0,63540.0,29485.0,16660.0,1930.0,155.0,37400.0,25495.0,248755.0,9292.0,895357.0,,,2.9189591895918956
Calgary,2012,Calgary2012,75693,14092,63255,68949,85139,104378,102746,93949,90847,88407,87915,61113,82.56666666666666,0.0,35789.2,617145.9923,2589016.67,28840.46295,,,,,,,,,459339.0,,,,,,,,,12841.0,934296.0,,,2.7315573155731556
Calgary,2013,Calgary2013,77596,15192,64759,69468,86834,106347,108374,97583,93624,88087,89246,63691,82.67666666666666,,28185.4,1010163.284,2878543.6,31825.38769,,,,,,,,,468358.0,,,,,,,,,12584.0,972193.0,,,2.8062680626806267
Calgary,2014,Calgary2014,78639,15779,66423,70342,87629,108744,113738,101102,95677,88093,89940,65841,82.86666666666667,,38678.7,702269.7156,3224765.437,37093.7288,,,,,,,,,478223.0,,,,,,,,,17131.0,1005109.0,,,2.5488145118548817
Calgary,2015,Calgary2015,79329,16091,68270,70895,85560,109260,115744,103445,96736,88124,89398,66789,82.99,,20887.7,528175.5918,4670169.933,32105.2395,,,,,,,,,492623.0,,,,,,,,,13033.0,1007399.0,,,2.4283057169428313
Calgary,2016,Calgary2016,80035,16028,70348,71839,84286,108199,116472,105540,96526,89680,87841,67554,83.11666666666667,,14697.3,492323.7926,5330227.034,36768.45137,3907.0,10837.0,16027.0,0.0,0.0,10181.0,9245.0,0.0,499222.0,72850.0,32885.0,21860.0,2035.0,200.0,44670.0,29270.0,262950.0,9245.0,990144.0,,,2.37688
Calgary,2017,Calgary2017,79966,15787,72454,71672,83299,105175,115155,107520,96881,91415,86404,68096,83.16666666666667,,604.0,519203.7066,6192851.797,58259.90324,,,,,,,,,506392.0,,,,,,,,,11534.0,1000567.0,,,2.7911900000000007
Calgary,2018,Calgary2018,80263,15908,75073,72345,83069,103779,114573,110302,97983,92614,85124,68378,83.23666666666666,,461.3,591603.2801,7143451.127,78487.32463,,,,,,,,,515391.0,,,,,,,,,10971.0,1021618.0,,,2.9825698256982576
Calgary,2019,Calgary2019,80424,15979,77928,73565,84345,102275,114950,113600,100075,93527,84842,68786,83.38333333333334,,491.2,497257.346,7367883.099,79408.69802,,,,,,,,,521257.0,,,,,,,,,11909.0,1015104.0,,,2.6667766644667115
Calgary,2020,Calgary2020,80076,16623,80412,74816,84974,100247,116328,115971,102524,94594,85093,68564,83.36,,748.3,402819.7325,7525262.216,74304.59872,,,,,,,,,530767.0,,,,,,,,,9235.0,1006510.0,,,2.3882300000000005
Calgary,2021,Calgary2021,76751,16535,81071,75239,85219,97270,113385,116755,104925,94517,87157,67740,83.29666666666667,,623.3,407133.7725,7799312.914,87191.06814,0.0,11083.0,8508.0,0.0,0.0,4354.0,10217.0,0.0,540648.0,81880.0,40700.0,20500.0,1850.0,183715.0,48865.0,32270.0,276045.0,15017.0,,,,2.7548899999999996
Calgary,2022,Calgary2022,76913,16725,83243,78912,87692,101128,115558,119491,109239,95985,89357,66390,83.20666666666666,,613.3,,,,,,,,,,,,573805.0,,,,,,,,,17306.0,,,,2.7279272792727927
Northern Sunrise County,2019,Northern Sunrise County2019,116,30,110,98,103,86,101,145,110,120,133,140,78.57333333333334,90.0,689144.0,24621.325,636288.9938,13928.8478,,,,,,,,,905.0,,,,,,,,,,674.0,0.0,0.0,1.4893448934489346
Northern Sunrise County,2020,Northern Sunrise County2020,124,36,127,92,89,67,93,132,113,102,120,142,78.06666666666666,74.0,585798.6,23842.8875,625585.0393,13370.6342,,,,,,,,,917.0,,,,,,,,,,691.0,0.0,0.0,1.5748042519574807
Northern Sunrise County,2021,Northern Sunrise County2021,102,32,116,93,75,83,99,133,117,106,94,124,78.0,115.0,635266.0,21049.07283,733224.537,13033.29671,5277.0,83029.0,29656.0,0.0,37230.0,32924.0,8854.0,0.0,942.0,0.0,0.0,0.0,60.0,10.0,10.0,0.0,565.0,,,0.0,0.0,1.7567875678756788
Spirit River No. 133,2016,Spirit River No. 1332016,40,9,44,44,42,26,38,38,33,61,79,47,,,19673.2,0.0,0.0,0.0,5046.0,45252.0,7492.0,0.0,31260.0,41423.0,3184.0,16.0,308.0,0.0,0.0,0.0,10.0,0.0,0.0,0.0,265.0,,,,,1.6123738762612372
Spirit River No. 133,2017,Spirit River No. 1332017,33,8,38,35,32,30,31,35,32,45,70,45,,5.0,25328.9,0.0,0.0,0.0,,,,,,,,,310.0,,,,,,,,,,,,,1.8683000000000003
Spirit River No. 133,2018,Spirit River No. 1332018,28,7,41,40,29,32,22,33,38,38,84,49,,1.0,24749.7,0.0,0.0,0.0,,,,,,,,,312.0,,,,,,,,,,,,,2.1320586794132055
Grande Prairie,2011,Grande Prairie2011,4996,830,3320,3867,5716,7224,5749,4552,3773,3935,3572,2235,79.85000000000001,,,0.0,0.0,0.0,,,,,,,,,22999.0,4100.0,135.0,475.0,545.0,5.0,915.0,1370.0,13645.0,696.0,59298.0,,,2.424774247742478
Grande Prairie,2012,Grande Prairie2012,5254,908,3445,3771,5843,7381,6188,4802,4009,3841,3764,2365,79.82000000000001,,,0.0,0.0,0.0,,,,,,,,,23603.0,,,,,,,,,611.0,58514.0,,,2.3005000000000004
Grande Prairie,2013,Grande Prairie2013,5425,965,3605,3745,6078,7405,6709,5037,4235,3814,3930,2533,79.92333333333333,,,0.0,0.0,0.0,,,,,,,,,24340.0,,,,,,,,,596.0,59379.0,,,2.398043980439805
Grande Prairie,2014,Grande Prairie2014,5516,978,3708,3740,6104,7393,7158,5212,4462,3770,4024,2604,80.05666666666667,,,0.0,0.0,0.0,,,,,,,,,25110.0,,,,,,,,,732.0,62542.0,,,2.4869200000000005
Grande Prairie,2015,Grande Prairie2015,5556,968,3748,3736,5930,7493,7309,5406,4579,3735,3985,2701,80.10333333333334,,,0.0,0.0,0.0,,,,,,,,,25688.0,,,,,,,,,357.0,60912.0,,,2.3124431244312436
Grande Prairie,2016,Grande Prairie2016,5421,944,3827,3720,5398,7061,7193,5582,4513,3732,3782,2784,80.27,,,2080.92003,114810.6953,944.1534,,,,,,,,,25992.0,4060.0,165.0,925.0,915.0,0.0,1075.0,1520.0,15010.0,234.0,58216.0,,,2.09172
Grande Prairie,2017,Grande Prairie2017,5408,987,3932,3712,5087,6882,7115,5760,4607,3885,3649,2865,80.03333333333333,,,1841.6025,151024.6113,3671.4792,,,,,,,,,26535.0,,,,,,,,,194.0,59514.0,,,2.3838761612383874
Grande Prairie,2018,Grande Prairie2018,5529,966,4186,3709,5009,7061,7122,6211,4772,4056,3543,3019,79.96333333333332,,,2058.2775,231993.268,1910.2694,,,,,,,,,26297.0,,,,,,,,,167.0,62153.0,,,2.5663243367566326
Grande Prairie,2019,Grande Prairie2019,5519,979,4283,3756,4882,6993,6927,6523,4852,4260,3460,2990,79.98666666666666,,,2039.4725,241460.0459,1996.9576,,,,,,,,,26539.0,,,,,,,,,231.0,60866.0,,,2.35811
Grande Prairie,2020,Grande Prairie2020,5346,1055,4408,3830,4589,6604,6968,6550,4968,4344,3440,2948,79.98,,,7361.04915,245543.4303,4339.30167,,,,,,,,,26753.0,,,,,,,,,121.0,59869.0,,,2.191208087919121
Grande Prairie,2021,Grande Prairie2021,4846,997,4464,3902,4448,5803,6442,6392,5106,4292,3444,2795,79.63333333333333,,,5633.96468,248584.2742,4315.42889,,,,,,,,,26870.0,4580.0,155.0,1090.0,830.0,8555.0,1075.0,1805.0,15280.0,132.0,,,,2.3461865381346185
Grande Prairie,2022,Grande Prairie2022,4566,975,4477,3950,4218,5445,6217,6311,5277,4243,3517,2535,79.39333333333333,,,,,,,,,,,,,,27046.0,,,,,,,,,203.0,,,,2.4467399999999997
Brazeau County,2019,Brazeau County2019,389,99,572,533,383,390,468,482,563,562,575,584,79.53,51.0,2422104.2,68462.1519,259931.5661,8105.78029,,,,,,,,,3484.0,,,,,,,,,,1898.0,0.0,0.0,2.0508489830203396
Brazeau County,2020,Brazeau County2020,355,102,583,543,394,360,461,468,518,578,552,593,79.56333333333333,24.0,2155555.2,69478.45248,210557.3317,8240.73019,,,,,,,,,3499.0,,,,,,,,,,1895.0,0.0,0.0,2.27738
Brazeau County,2021,Brazeau County2021,400,66,509,464,346,345,438,473,484,516,555,492,79.27,66.0,2424905.6,64073.18843,297347.6928,15358.71527,8695.0,0.0,3266.0,0.0,0.0,63259.0,29669.0,0.0,3522.0,0.0,0.0,15.0,655.0,15.0,0.0,0.0,2195.0,,,0.0,0.0,2.46393
Brazeau County,2022,Brazeau County2022,364,94,498,491,378,333,428,453,480,492,558,475,78.86,76.0,2637545.2,,,,,,,,,,,,3618.0,,,,,,,,,,,0.0,0.0,2.4491855081449185
Parkland County,2011,Parkland County2011,1744,410,2272,2394,1658,1377,1670,2010,2428,3090,3159,2193,81.34666666666668,9.0,312518.3,143758.8594,19381024.12,123001.1995,12106.0,36667.0,28335.0,0.0,0.0,103404.0,45353.0,0.0,12951.0,20.0,0.0,5.0,1190.0,5.0,0.0,65.0,9655.0,,10512.0,,,2.12525
Parkland County,2012,Parkland County2012,1731,431,2232,2362,1652,1391,1678,2011,2385,2996,3189,2265,81.50666666666667,16.0,246614.2,149066.0078,18857284.74,126781.2678,,,,,,,,,13124.0,,,,,,,,,,10660.0,,,2.04364
Parkland County,2013,Parkland County2013,1741,421,2233,2335,1694,1406,1724,2055,2381,2874,3254,2328,81.53333333333335,18.0,284615.4,67271.10056,19746541.3,133446.1904,,,,,,,,,13575.0,,,,,,,,,,11941.0,,,2.1047089529104706
Parkland County,2014,Parkland County2014,1754,441,2242,2316,1758,1441,1789,2095,2376,2757,3290,2397,81.59333333333333,17.0,310573.9,90733.77178,24466519.14,167906.9354,,,,,,,,,13754.0,,,,,,,,,,12822.0,,,2.051839481605184
Parkland County,2015,Parkland County2015,1718,454,2196,2296,1718,1436,1832,2089,2281,2618,3175,2460,81.68666666666667,24.0,270700.0,91356.14118,23034344.66,155996.2324,,,,,,,,,13921.0,,,,,,,,,,12908.0,,,2.051029489705103
Parkland County,2016,Parkland County2016,1677,382,2176,2207,1742,1426,1772,2086,2163,2522,3054,2429,81.70666666666666,12.0,291502.4,91473.26403,22619568.07,153776.7612,13114.0,35114.0,31766.0,0.0,30877.0,73155.0,47134.0,123.0,13983.0,25.0,5.0,10.0,1060.0,15.0,0.0,40.0,10460.0,,19894.0,,,1.8777000000000001
Parkland County,2017,Parkland County2017,1663,422,2262,2168,1692,1426,1806,2009,2192,2414,2942,2462,81.74666666666667,6.0,248057.9,84953.355,21013752.71,142477.972,,,,,,,,,14034.0,,,,,,,,,,22034.0,,,2.019679606407872
Parkland County,2018,Parkland County2018,1595,382,2210,2216,1685,1369,1739,2043,2205,2366,2764,2546,81.82333333333334,6.0,215559.5,12358.656,11963168.56,66742.19073,,,,,,,,,14150.0,,,,,,,,,,23687.0,,,2.2665200000000008
Parkland County,2019,Parkland County2019,1517,369,2194,2199,1725,1339,1688,2069,2197,2332,2636,2530,82.04,2.0,185663.8,25108.47496,9882713.275,59322.40942,,,,,,,,,14342.0,,,,,,,,,,24214.0,,,2.028689713102869
Parkland County,2020,Parkland County2020,1450,366,2207,2182,1743,1252,1623,2095,2193,2284,2513,2531,81.98,5.0,147110.2,13989.29735,7811413.76,38824.14835,,,,,,,,,14319.0,,,,,,,,,,24428.0,,,1.9062709372906268
Parkland County,2021,Parkland County2021,1510,387,2212,2068,1501,1301,1721,2092,2236,2204,2408,2409,81.89333333333333,7.0,153441.9,5430.15613,6304807.243,29540.66699,13162.0,41415.0,28626.0,0.0,31645.0,79838.0,53564.0,0.0,14319.0,50.0,0.0,0.0,1185.0,180.0,25.0,100.0,10580.0,,,,,2.184858151418486
Parkland County,2022,Parkland County2022,1444,382,2163,2163,1525,1239,1719,2162,2222,2297,2349,2265,81.76,13.0,166756.6,,,,,,,,,,,,14319.0,,,,,,,,,,,,,2.07461
Strathcona County,2015,Strathcona County2015,5586,1252,6716,6780,6240,5580,6266,6914,7221,7516,8111,5949,81.88333333333334,2.0,32414.0,31521.44379,9384290.456,31537.65051,,,,,,,,,35965.0,,,,,,,,,,92801.0,,,2.3042330423304227
Strathcona County,2016,Strathcona County2016,5522,1188,6812,6791,6239,5671,6432,6794,7200,7427,7925,6184,82.03666666666668,16.0,27783.8,25938.03963,9435289.03,28492.55659,2065.0,52916.0,15035.0,0.0,51016.0,35004.0,14845.0,0.0,36352.0,2160.0,305.0,75.0,865.0,0.0,1465.0,2050.0,28640.0,,91469.0,,,2.1335499999999996
Strathcona County,2017,Strathcona County2017,5344,1301,6804,6825,6067,5565,6517,6845,7222,7394,7686,6272,82.12333333333333,23.0,31641.0,35214.76725,9750977.555,29993.07807,,,,,,,,,37559.0,,,,,,,,,,91885.0,,,2.38307
Strathcona County,2018,Strathcona County2018,5137,1118,6924,7011,5983,5374,6359,6970,7202,7454,7533,6236,82.21333333333332,7.0,25379.6,37282.24663,8222734.802,27061.63181,,,,,,,,,38126.0,,,,,,,,,,92864.0,,,2.5752057520575207
Strathcona County,2019,Strathcona County2019,4848,1205,6924,7141,6023,5266,6204,6974,7238,7407,7385,6296,82.39666666666666,3.0,16292.6,39663.79108,8975171.572,30426.75956,,,,,,,,,38742.0,,,,,,,,,,91364.0,,,2.3471165288347127
Strathcona County,2020,Strathcona County2020,4591,1103,6921,7062,6218,5226,6053,6917,7198,7338,7404,6175,82.36,1.0,13151.9,59058.25763,8790855.365,29089.72653,,,,,,,,,38964.0,,,,,,,,,,92286.0,,,2.264282642826428
Strathcona County,2021,Strathcona County2021,4749,1158,6883,6790,5739,5136,6142,6970,7096,7162,7295,6007,82.27333333333333,,12837.0,46881.86568,8981161.752,32561.10768,8195.0,55289.0,17815.0,0.0,49480.0,33575.0,18979.0,0.0,39364.0,2495.0,330.0,75.0,915.0,6330.0,1590.0,2155.0,29555.0,,,,,2.35545
Strathcona County,2022,Strathcona County2022,4542,1086,6878,6785,5947,4890,6228,7117,7195,7212,7269,5892,82.17333333333333,10.0,12880.6,,,,,,,,,,,,39604.0,,,,,,,,,,,,,2.3330833308333085
Sturgeon County,2016,Sturgeon County2016,1292,301,1437,1516,1423,1204,1263,1361,1317,1518,1763,1424,79.27666666666666,25.0,70317.0,46697.18353,1623239.014,16264.6612,14353.0,129182.0,48168.0,1877.0,108753.0,71292.0,32532.0,19764.0,7380.0,0.0,0.0,10.0,445.0,5.0,0.0,285.0,6125.0,,20598.0,,,1.9494794947949479
Sturgeon County,2017,Sturgeon County2017,1277,291,1413,1453,1437,1196,1307,1329,1279,1484,1680,1470,79.42999999999999,21.0,73672.7,64422.7525,1871759.884,13906.021,,,,,,,,,7830.0,,,,,,,,,,20935.0,,,2.2666899999999996
Sturgeon County,2018,Sturgeon County2018,1197,282,1423,1475,1395,1152,1303,1370,1282,1467,1608,1478,79.53333333333333,13.0,70330.9,61379.42025,2253946.043,16252.79186,,,,,,,,,7905.0,,,,,,,,,,21207.0,,,2.5910440895591043
Sturgeon County,2019,Sturgeon County2019,1149,258,1424,1424,1356,1110,1239,1378,1288,1438,1562,1413,79.73,1.0,64959.4,127262.3968,2470521.168,19488.44606,,,,,,,,,7935.0,,,,,,,,,,21094.0,,,2.2952399999999997
Sturgeon County,2020,Sturgeon County2020,1068,270,1439,1431,1314,1066,1213,1339,1353,1357,1526,1380,79.66,,59391.1,83875.33115,2776039.92,13050.02703,,,,,,,,,7871.0,,,,,,,,,,21479.0,,,2.0451799999999998
Sturgeon County,2021,Sturgeon County2021,1048,271,1513,1346,1317,1051,1159,1293,1408,1287,1502,1333,79.54333333333334,,42800.6,118957.286,2597310.661,12300.62646,19580.0,137900.0,55801.0,9298.0,117858.0,64130.0,32279.0,12583.0,7913.0,10.0,0.0,0.0,405.0,340.0,15.0,315.0,6280.0,,,,,2.2734172658273417
Sturgeon County,2022,Sturgeon County2022,969,265,1508,1350,1293,1072,1148,1298,1416,1258,1494,1307,79.32333333333334,,34945.1,,,,,,,,,,,,7982.0,,,,,,,,,,,,,2.2997529975299758
St. Albert,2016,St. Albert2016,3681,767,4367,4483,4272,3715,4213,4435,4720,4747,5074,4044,83.10666666666667,,,0.0,0.0,0.0,,,,,,,,,26140.0,2775.0,140.0,190.0,5.0,0.0,1730.0,1585.0,17530.0,,55202.0,,,2.13637
St. Albert,2017,St. Albert2017,3680,851,4468,4420,4170,3664,4295,4548,4707,4758,4977,4027,83.09,,,0.0,0.0,0.0,,,,,,,,,26541.0,,,,,,,,,,54088.0,,,2.396070000000001
St. Albert,2018,St. Albert2018,3633,812,4510,4430,4242,3564,4212,4636,4657,4817,4873,4104,83.17,,57.9,0.0,0.0,0.0,,,,,,,,,26838.0,,,,,,,,,,55330.0,,,2.7277400000000003
St. Albert,2019,St. Albert2019,3437,858,4566,4555,4138,3451,4112,4721,4685,4831,4733,4126,83.35666666666667,,415.0,0.0,0.0,0.0,,,,,,,,,27062.0,,,,,,,,,,54621.0,,,2.443314433144332
St. Albert,2020,St. Albert2020,3373,746,4685,4440,4296,3393,3917,4772,4822,4872,4646,4086,83.37333333333333,,252.5,0.0,0.0,0.0,,,,,,,,,27170.0,,,,,,,,,,55279.0,,,2.3318766375327504
St. Albert,2021,St. Albert2021,3374,845,4640,4430,4003,3520,3911,4894,4862,4722,4597,3927,83.33333333333333,,42.0,0.0,0.0,0.0,,,,,,,,,27493.0,3465.0,295.0,125.0,45.0,7330.0,1920.0,1815.0,18265.0,,,,,2.575484245157549
St. Albert,2022,St. Albert2022,3226,807,4646,4515,4054,3430,3851,4990,4954,4717,4531,3723,83.37333333333333,,,,,,,,,,,,,,27493.0,,,,,,,,,,,,,2.4861751382486177
Canmore,2019,Canmore2019,642,146,694,726,746,1085,1189,1297,1146,1169,1056,754,81.68,,,0.12953,89.15639,0.4166,,,,,,,,,8248.0,,,,,,,,,452.0,13205.0,,,2.0653799999999998
Canmore,2020,Canmore2020,630,148,713,733,745,1090,1162,1332,1153,1166,1095,731,81.60666666666667,,,0.12168,101.07292,1.043,,,,,,,,,8248.0,,,,,,,,,234.0,13292.0,,,2.373116268837311
Canmore,2021,Canmore2021,631,161,710,714,862,1238,1437,1400,1269,1186,1149,717,81.27,,,0.4149,106.30161,0.54415,,,,,,,,,9173.0,1675.0,250.0,430.0,10.0,3975.0,1270.0,600.0,2575.0,162.0,,,,2.8042519574804254
Grande Prairie County No. 1,2011,Grande Prairie County No. 12011,1454,320,1479,1612,1055,1273,1360,1523,1418,1794,1814,986,82.2,88.0,4943047.3,38984.50178,474693.8895,12228.1022,25751.0,131961.0,63127.0,1351.0,105723.0,230604.0,65055.0,8340.0,8226.0,5.0,0.0,0.0,1780.0,0.0,75.0,55.0,5275.0,,5902.0,,,2.424774247742478
Grande Prairie County No. 1,2012,Grande Prairie County No. 12012,1521,349,1517,1630,1096,1306,1429,1613,1469,1736,1862,1036,81.57,62.0,4497192.7,49260.57658,459006.874,12643.43493,,,,,,,,,8381.0,,,,,,,,,,10329.0,,,2.3005000000000004
Grande Prairie County No. 1,2013,Grande Prairie County No. 12013,1520,346,1529,1607,1129,1268,1461,1649,1475,1634,1848,1085,81.20666666666666,68.0,4147888.8,46063.53091,494754.0712,13146.6878,,,,,,,,,8381.0,,,,,,,,,,13116.0,,,2.398043980439805
Grande Prairie County No. 1,2014,Grande Prairie County No. 12014,1570,367,1618,1598,1166,1304,1561,1727,1580,1573,1850,1098,81.29333333333334,85.0,4220996.8,50195.04339,519816.1986,12492.4282,,,,,,,,,8616.0,,,,,,,,,,14265.0,,,2.3389133891338916
Grande Prairie County No. 1,2015,Grande Prairie County No. 12015,1625,372,1668,1577,1208,1342,1613,1791,1654,1535,1839,1120,81.02666666666666,21.0,4598661.3,54535.27236,462500.9828,12862.2161,,,,,,,,,8512.0,,,,,,,,,,14340.0,,,2.2204522045220454
Grande Prairie County No. 1,2016,Grande Prairie County No. 12016,1743,336,1735,1545,1168,1294,1712,1753,1727,1552,1822,1082,81.08333333333333,24.0,4449534.0,54309.91181,440880.6759,12735.477,23207.0,156661.0,73873.0,2781.0,106950.0,226645.0,68654.0,0.0,8710.0,10.0,0.0,10.0,1890.0,5.0,60.0,60.0,5645.0,,14006.0,,,2.09172
Grande Prairie County No. 1,2017,Grande Prairie County No. 12017,1657,398,1839,1596,1129,1226,1725,1795,1838,1605,1750,1096,81.15333333333334,79.0,4463496.9,92352.0083,707997.268,15696.87226,,,,,,,,,8753.0,,,,,,,,,,14664.0,,,2.3838761612383874
Grande Prairie County No. 1,2018,Grande Prairie County No. 12018,1583,369,1873,1596,1198,1172,1652,1863,1884,1636,1675,1125,81.14666666666666,112.0,4523020.0,83418.0525,1056571.794,14761.281,,,,,,,,,8939.0,,,,,,,,,,14867.0,,,2.4652853471465286
Grande Prairie County No. 1,2019,Grande Prairie County No. 12019,1497,380,1915,1668,1214,1133,1582,2002,1898,1705,1634,1140,81.10666666666667,124.0,5309911.9,88659.725,1191396.348,14677.10315,,,,,,,,,8896.0,,,,,,,,,,14775.0,,,2.1420700000000004
Grande Prairie County No. 1,2020,Grande Prairie County No. 12020,1493,334,1951,1649,1250,1111,1510,2031,1917,1704,1586,1133,81.18,100.0,6707609.8,112732.8081,1244255.973,24052.74816,,,,,,,,,8937.0,,,,,,,,,,15058.0,,,1.99825
Grande Prairie County No. 1,2021,Grande Prairie County No. 12021,1451,394,1974,1707,1110,1064,1480,2020,1953,1761,1549,1040,80.75666666666667,190.0,8835830.5,121058.8274,1452972.006,29801.26292,24642.0,164676.0,78092.0,0.0,90003.0,196865.0,72024.0,0.0,8937.0,0.0,0.0,80.0,1615.0,220.0,70.0,50.0,6515.0,,,,,2.1526084739152616
Grande Prairie County No. 1,2022,Grande Prairie County No. 12022,1364,357,1988,1870,1213,1035,1525,2048,1998,1844,1612,1005,80.83,175.0,10097452.4,,,,,,,,,,,,10096.0,,,,,,,,,,,,,2.225642256422564
Cold Lake,2011,Cold Lake2011,1320,219,920,969,1284,1686,1424,1052,920,1238,1012,380,78.78333333333335,,,0.0,0.0,0.0,,,,,,,,,6070.0,545.0,0.0,35.0,90.0,35.0,175.0,665.0,3605.0,100.0,15380.0,,,1.9880502389952202
Cold Lake,2012,Cold Lake2012,1381,234,886,950,1349,1696,1529,1094,884,1180,1100,404,79.08666666666666,,,0.0,0.0,0.0,,,,,,,,,5872.0,,,,,,,,,135.0,16104.0,,,2.084030840308403
Cold Lake,2013,Cold Lake2013,1379,248,859,885,1385,1764,1576,1160,887,1078,1142,446,79.39,,,0.0,0.0,0.0,,,,,,,,,6171.0,,,,,,,,,167.0,17146.0,,,2.2099220992209925
Cold Lake,2014,Cold Lake2014,1391,263,859,887,1383,1853,1662,1233,902,1009,1154,483,79.58,,,0.0,0.0,0.0,,,,,,,,,6704.0,,,,,,,,,434.0,17333.0,,,2.0070400704007043
Cold Lake,2015,Cold Lake2015,1335,270,868,855,1279,1885,1689,1265,934,883,1110,535,79.80666666666667,,,0.0,0.0,0.0,,,,,,,,,6801.0,,,,,,,,,106.0,17269.0,,,2.02952
Cold Lake,2016,Cold Lake2016,1360,237,910,838,1207,1908,1736,1289,1006,818,1029,582,79.80333333333333,,,0.0,0.0,0.0,,,,,,,,,6909.0,700.0,0.0,30.0,300.0,0.0,245.0,580.0,3740.0,25.0,16721.0,,,1.8430015699843
Cold Lake,2017,Cold Lake2017,1330,282,987,786,1190,1945,1716,1407,996,817,978,614,79.8,,,11.2275,14679.0,686.5026,,,,,,,,,7288.0,,,,,,,,,57.0,16686.0,,,1.8840511594884048
Cold Lake,2018,Cold Lake2018,1328,279,1007,791,1139,1873,1741,1468,1033,844,866,640,79.99666666666667,,,11.7825,15859.72,694.936,,,,,,,,,7116.0,,,,,,,,,19.0,16916.0,,,2.0376803768037677
Cold Lake,2019,Cold Lake2019,1356,217,1110,795,1114,1710,1785,1536,1092,849,829,595,80.08666666666666,,,10.7475,19175.0,335.846,,,,,,,,,7110.0,,,,,,,,,36.0,16563.0,,,1.8179100000000001
Cold Lake,2020,Cold Lake2020,1356,227,1158,842,1024,1649,1880,1546,1177,828,752,573,80.31333333333333,,,10.7975,18146.5182,195.935,,,,,,,,,6775.0,,,,,,,,,25.0,16691.0,,,1.8531514684853154
Cold Lake,2021,Cold Lake2021,1235,281,1133,915,1125,1601,1813,1524,1170,850,721,517,80.11666666666666,,,11.3225,18238.3041,222.308,,,,,,,,,7015.0,855.0,0.0,55.0,275.0,1825.0,230.0,680.0,4015.0,54.0,,,,2.090109098909011
Cold Lake,2022,Cold Lake2022,1252,251,1180,949,1000,1535,1820,1508,1259,871,706,498,79.67666666666666,,,,,,,,,,,,,,7015.0,,,,,,,,,56.0,,,,2.040630406304063
Bonnyville No. 87,2016,Bonnyville No. 872016,909,203,941,877,612,752,981,957,855,894,1089,623,79.18333333333334,402.0,1009071.4,67223.59651,8691654.259,49509.77751,17149.0,37579.0,23576.0,1338.0,0.0,126238.0,60842.0,289.0,5678.0,85.0,0.0,0.0,465.0,5.0,15.0,75.0,4175.0,51.0,3474.0,,,1.7421825781742184
Bonnyville No. 87,2017,Bonnyville No. 872017,866,214,968,886,588,679,985,995,901,917,1061,656,79.25666666666667,624.0,1009089.9,64219.45265,9173316.928,51724.47895,,,,,,,,,5678.0,,,,,,,,,26.0,3451.0,,,2.1623216232162323
Bonnyville No. 87,2018,Bonnyville No. 872018,826,199,989,830,668,621,944,1030,904,929,1020,715,79.38,697.0,898873.7,63378.37733,9134720.036,39001.52659,,,,,,,,,5740.0,,,,,,,,,43.0,3505.0,,,1.8787012129878702
Bonnyville No. 87,2019,Bonnyville No. 872019,728,200,1012,857,656,601,902,1042,948,943,998,693,79.46,289.0,842260.3,54480.52393,9215338.711,51231.9964,,,,,,,,,5929.0,,,,,,,,,39.0,3447.0,,,2.04742
Bonnyville No. 87,2020,Bonnyville No. 872020,683,176,1066,857,674,566,842,1092,930,962,976,664,79.72333333333334,134.0,800825.3,35316.42483,8908537.146,35610.32741,,,,,,,,,5935.0,,,,,,,,,14.0,3495.0,,,1.936910630893691
Bonnyville No. 87,2021,Bonnyville No. 872021,712,163,1043,912,571,591,838,997,956,908,955,648,79.52333333333333,389.0,863964.0,32582.70505,9169492.554,36975.19185,13375.0,45705.0,22939.0,2378.0,28109.0,114031.0,65363.0,0.0,5962.0,0.0,0.0,0.0,430.0,35.0,20.0,10.0,4280.0,31.0,,,,2.0569994300056997
Bonnyville No. 87,2022,Bonnyville No. 872022,620,170,1026,941,593,531,781,969,985,887,941,621,79.3,828.0,901573.4,,,,,,,,,,,,5989.0,,,,,,,,,22.0,,,,1.9718799999999999
St. Paul County No. 19,2011,St. Paul County No. 192011,358,74,390,434,290,296,304,315,366,484,549,290,76.67666666666666,261.0,420561.9,0.0,0.0,0.0,21780.0,71989.0,48671.0,210.0,39236.0,148191.0,87338.0,0.0,3706.0,20.0,0.0,5.0,210.0,5.0,5.0,0.0,1965.0,,4366.0,,,2.0047300000000003
St. Paul County No. 19,2012,St. Paul County No. 192012,359,78,386,431,297,288,315,316,370,451,559,290,76.62666666666667,207.0,387627.2,0.0,0.0,0.0,,,,,,,,,3751.0,,,,,,,,,,4447.0,,,2.01573
St. Paul County No. 19,2013,St. Paul County No. 192013,360,77,418,413,312,292,317,330,376,424,566,304,76.78666666666668,245.0,331264.0,0.0,0.0,0.0,,,,,,,,,3830.0,,,,,,,,,,4606.0,,,2.2807600000000003
St. Paul County No. 19,2014,St. Paul County No. 192014,360,87,407,429,318,303,327,339,359,429,569,320,76.37666666666667,235.0,297178.8,0.0,0.0,0.0,,,,,,,,,3835.0,,,,,,,,,,4646.0,,,2.207017929820702
St. Paul County No. 19,2015,St. Paul County No. 192015,351,75,444,409,320,308,323,323,353,425,545,317,76.23666666666666,22.0,288685.5,1567.62503,259254.1957,881.3052,,,,,,,,,3882.0,,,,,,,,,,4650.0,,,2.125190000000001
St. Paul County No. 19,2016,St. Paul County No. 192016,351,70,437,412,294,297,316,318,345,404,506,332,76.28666666666668,38.0,273248.9,1165.65,325307.2122,1132.7278,24887.0,63380.0,50866.0,2935.0,38934.0,111685.0,78674.0,532.0,3944.0,0.0,0.0,5.0,240.0,5.0,0.0,5.0,2080.0,,4490.0,,,1.9112900000000002
St. Paul County No. 19,2017,St. Paul County No. 192017,360,75,422,412,283,288,314,364,347,417,476,361,76.31333333333333,105.0,231341.9,1226.1,369896.717,1248.173,,,,,,,,,3944.0,,,,,,,,,,4473.0,,,1.95517
St. Paul County No. 19,2018,St. Paul County No. 192018,328,77,418,459,277,281,293,357,348,415,458,357,76.35000000000001,60.0,199154.7,2013.53135,473365.0878,2590.44337,,,,,,,,,3944.0,,,,,,,,,,4552.0,,,2.1539800000000002
St. Paul County No. 19,2019,St. Paul County No. 192019,309,60,453,454,305,271,303,344,354,378,462,342,76.24666666666667,7.0,175236.1,4406.155,444387.4162,1442.5584,,,,,,,,,3979.0,,,,,,,,,,4263.0,,,2.0843200000000004
St. Paul County No. 19,2020,St. Paul County No. 192020,336,64,445,461,313,250,298,319,354,359,458,322,76.25333333333333,9.0,166050.2,3657.845,419209.9776,1759.9284,,,,,,,,,4000.0,,,,,,,,,,4479.0,,,1.9618799999999996
St. Paul County No. 19,2021,St. Paul County No. 192021,353,77,416,439,279,276,354,365,358,367,451,319,75.69,28.0,196173.8,5720.637,470686.9371,1792.91998,21823.0,77954.0,50995.0,0.0,57442.0,109982.0,95629.0,0.0,4002.0,0.0,0.0,0.0,245.0,15.0,10.0,0.0,2225.0,,,,,2.1337900000000003
St. Paul County No. 19,2022,St. Paul County No. 192022,322,79,423,440,296,268,321,367,380,353,434,303,75.46,150.0,173373.5,,,,,,,,,,,,4002.0,,,,,,,,,,,,,2.091919080809192
Peace No. 135,2021,Peace No. 1352021,71,14,90,108,78,109,111,104,92,93,114,85,78.0,1.0,14933.1,0.0,0.0,0.0,7504.0,41521.0,16957.0,0.0,16997.0,38732.0,11807.0,0.0,658.0,10.0,0.0,0.0,30.0,10.0,0.0,0.0,540.0,,,,,2.18622
Peace No. 135,2022,Peace No. 1352022,53,15,88,109,75,114,110,106,93,88,113,80,77.93666666666667,7.0,15129.6,,,,,,,,,,,,658.0,,,,,,,,,,,,,2.1127577448451036
Wood Buffalo,2011,Wood Buffalo2011,5336,795,3521,4104,6650,8986,7573,6066,5638,5855,5712,2571,81.07,1984.0,861699.1,1633604.681,32733877.91,355402.9849,,,,,,,,,28203.0,4640.0,555.0,325.0,2775.0,5.0,2270.0,1340.0,11165.0,780.0,62304.0,,,2.010310103101031
Wood Buffalo,2012,Wood Buffalo2012,5723,903,3623,3952,6710,9485,8298,6507,5846,5991,5806,2741,81.65333333333334,2052.0,719790.4,2294991.526,36860676.1,285930.0685,,,,,,,,,28833.0,,,,,,,,,637.0,66528.0,,,1.908388167763355
Wood Buffalo,2013,Wood Buffalo2013,6113,978,3674,3902,6685,9922,9025,7105,6286,6107,5961,2908,81.68,2334.0,645663.7,2974867.183,39361787.59,318393.3219,,,,,,,,,30353.0,,,,,,,,,967.0,70162.0,43940.8,1.0,1.8852411475885245
Wood Buffalo,2013,Wood Buffalo2013,6113,978,3674,3902,6685,9922,9025,7105,6286,6107,5961,2908,81.68,2334.0,645663.7,2974867.183,39361787.59,318393.3219,,,,,,,,,30353.0,,,,,,,,,967.0,70162.0,27.6,2.0,1.8852411475885245
Wood Buffalo,2014,Wood Buffalo2014,6306,1099,3753,3889,6342,9980,9592,7645,6422,6110,5978,2995,81.90333333333332,1915.0,724058.1,1492033.935,42013458.62,339226.0373,,,,,,,,,30097.0,,,,,,,,,509.0,71163.0,,,1.9643400000000002
Wood Buffalo,2015,Wood Buffalo2015,6362,1031,3724,3748,5621,9518,9608,7660,6341,5853,5799,3024,82.35333333333334,792.0,767796.0,1520452.045,43307139.81,336712.1337,,,,,,,,,30208.0,,,,,,,,,193.0,67720.0,5817.4,3.0,1.96218
Wood Buffalo,2016,Wood Buffalo2016,6100,1010,3614,3530,4786,8243,9280,7479,6101,5490,5451,2945,82.55,492.0,789217.7,1417088.346,41202186.58,315883.8236,0.0,0.0,0.0,0.0,0.0,470.0,,0.0,30163.0,5235.0,580.0,420.0,2550.0,0.0,2810.0,1220.0,12835.0,135.0,65494.0,169.13,3.0,1.989539895398954
Wood Buffalo,2017,Wood Buffalo2017,6114,1048,3734,3513,4498,7444,9005,7554,5995,5396,5175,2863,82.72666666666667,529.0,1002844.5,1619601.787,47568610.99,362361.396,,,,,,,,,28907.0,,,,,,,,,1625.0,64349.0,60193.44,5.0,1.9940000599993999
Wood Buffalo,2017,Wood Buffalo2017,6114,1048,3734,3513,4498,7444,9005,7554,5995,5396,5175,2863,82.72666666666667,529.0,1002844.5,1619601.787,47568610.99,362361.396,,,,,,,,,28907.0,,,,,,,,,1625.0,64349.0,0.0,0.0,1.9940000599993999
Wood Buffalo,2018,Wood Buffalo2018,6253,1188,4026,3622,4434,7051,8818,7768,6194,5496,5050,2864,83.28,688.0,1194853.9,1675828.829,51703888.54,401072.1476,,,,,,,,,29642.0,,,,,,,,,562.0,64988.0,0.0,0.0,2.108121081210812
Wood Buffalo,2019,Wood Buffalo2019,6395,1199,4346,3812,4432,6533,8560,8067,6452,5524,4965,2876,83.43666666666667,899.0,1192558.8,1068369.139,53000632.81,250069.5429,,,,,,,,,29948.0,,,,,,,,,146.0,64342.0,0.0,0.0,2.0692713854277085
Wood Buffalo,2020,Wood Buffalo2020,6380,1265,4590,3882,4364,6056,8365,8280,6654,5593,4970,2833,82.74,407.0,1237105.3,879626.7359,51478548.97,222575.0938,,,,,,,,,29969.0,,,,,,,,,54.0,64436.0,0.0,0.0,1.9190691906919073
Wood Buffalo,2021,Wood Buffalo2021,6000,1297,4851,3972,4206,5582,7927,8412,6836,5564,4950,2793,82.39999999999999,605.0,1555575.8,1049156.042,54450870.2,231810.4023,0.0,0.0,0.0,0.0,0.0,0.0,0.0,0.0,30226.0,5645.0,845.0,475.0,2615.0,9990.0,2605.0,1260.0,12480.0,76.0,,0.0,0.0,1.9697103028969716
Wood Buffalo,2022,Wood Buffalo2022,5714,1223,5020,4069,4122,5287,7550,8395,7060,5564,4896,2708,82.19,614.0,1697500.1,,,,,,,,,,,,30214.0,,,,,,,,,122.0,,0.0,0.0,1.9258114837703244
Bruderheim,2011,Bruderheim2011,91,18,78,70,73,98,78,83,96,105,99,50,76.99666666666667,,,0.0,0.0,0.0,,,,,,,,,530.0,20.0,0.0,0.0,15.0,0.0,10.0,20.0,385.0,,1590.0,,,2.1578584214157863
Bruderheim,2012,Bruderheim2012,93,20,80,70,78,101,80,84,90,98,106,51,77.08666666666666,,,0.0,0.0,0.0,,,,,,,,,537.0,,,,,,,,,,1593.0,,,2.08309916900831
Bruderheim,2013,Bruderheim2013,96,17,85,72,86,106,88,88,87,99,111,53,77.31333333333333,,,0.0,0.0,0.0,,,,,,,,,540.0,,,,,,,,,,1689.0,,,2.5035049649503502
Bruderheim,2014,Bruderheim2014,97,20,85,73,92,108,89,91,86,89,107,59,77.47333333333334,,,0.0,0.0,0.0,,,,,,,,,544.0,,,,,,,,,,1742.0,,,2.2775227752277525
Bruderheim,2015,Bruderheim2015,94,26,80,84,92,102,109,94,85,83,105,71,77.71666666666665,,,0.0,0.0,0.0,,,,,,,,,601.0,,,,,,,,,,1757.0,,,2.1983900000000003
Bruderheim,2016,Bruderheim2016,92,16,80,81,87,99,122,88,82,88,96,71,77.80333333333333,,,0.0,0.0,0.0,,,,,,,,,549.0,25.0,0.0,0.0,20.0,0.0,10.0,20.0,425.0,,1728.0,,,1.7611723882761174
Bruderheim,2017,Bruderheim2017,100,22,82,87,71,113,118,95,82,65,94,63,78.08666666666666,,,0.0,0.0,0.0,,,,,,,,,618.0,,,,,,,,,,1727.0,,,1.991749917499175
Bruderheim,2018,Bruderheim2018,105,24,82,100,55,100,119,94,93,62,100,51,78.28,,,0.0,0.0,0.0,,,,,,,,,618.0,,,,,,,,,,1761.0,,,2.436735632643674
Bruderheim,2019,Bruderheim2019,101,20,81,94,53,94,95,91,95,68,93,57,78.45333333333333,,,0.0,0.0,0.0,,,,,,,,,618.0,,,,,,,,,,1754.0,,,2.2965229652296517
Bruderheim,2020,Bruderheim2020,98,33,100,90,54,67,86,101,84,67,94,49,78.68333333333334,,,0.0,0.0,0.0,,,,,,,,,618.0,,,,,,,,,,1784.0,,,2.300563005630056
Bruderheim,2021,Bruderheim2021,96,27,87,66,73,88,117,117,84,77,89,48,78.41333333333334,,,0.0,0.0,0.0,,,,,,,,,618.0,10.0,0.0,20.0,20.0,30.0,0.0,0.0,465.0,,,,,2.4453089061781235
Bruderheim,2022,Bruderheim2022,116,26,90,74,77,95,115,102,82,77,68,58,78.35333333333334,,,,,,,,,,,,,,619.0,,,,,,,,,,,,,2.4228442284422846
Improvement District No. 13 Elk Island,2011,Improvement District No. 13 Elk Island2011,0,0,1,0,1,3,2,1,0,1,1,0,,,,0.0,0.0,0.0,,,,,,,,,10.0,,,,,,,,,,,,,2.0254000000000003
Improvement District No. 13 Elk Island,2012,Improvement District No. 13 Elk Island2012,0,0,1,0,0,1,2,1,0,1,1,0,,,,0.0,0.0,0.0,,,,,,,,,10.0,,,,,,,,,,,,,1.8297417025829739
Improvement District No. 13 Elk Island,2013,Improvement District No. 13 Elk Island2013,0,0,0,0,1,2,1,0,0,1,1,0,,,,0.0,0.0,0.0,,,,,,,,,10.0,,,,,,,,,,,,,2.0460595394046055
Improvement District No. 13 Elk Island,2014,Improvement District No. 13 Elk Island2014,0,0,1,0,0,0,1,0,0,1,1,0,,,,0.0,0.0,0.0,,,,,,,,,10.0,,,,,,,,,,,,,2.3343099999999994
Improvement District No. 13 Elk Island,2015,Improvement District No. 13 Elk Island2015,0,0,0,0,0,0,1,0,0,1,0,0,,,,0.0,0.0,0.0,,,,,,,,,10.0,,,,,,,,,,,,,1.9853699999999996
Improvement District No. 13 Elk Island,2016,Improvement District No. 13 Elk Island2016,0,0,0,0,0,0,0,0,0,0,0,0,,,,0.0,0.0,0.0,,,,,,,,,10.0,,,,,,,,,,,,,1.8618499999999996
Improvement District No. 13 Elk Island,2017,Improvement District No. 13 Elk Island2017,0,0,0,0,0,0,0,0,0,0,0,0,,,,0.0,0.0,0.0,,,,,,,,,10.0,,,,,,,,,,,,,2.112468875311247
Improvement District No. 13 Elk Island,2018,Improvement District No. 13 Elk Island2018,0,0,0,0,0,0,0,0,0,0,1,0,,,,0.0,0.0,0.0,,,,,,,,,10.0,,,,,,,,,,,,,2.35041
Improvement District No. 13 Elk Island,2019,Improvement District No. 13 Elk Island2019,0,0,0,0,0,0,0,0,0,0,1,0,,,,0.0,0.0,0.0,,,,,,,,,10.0,,,,,,,,,,,,,2.0560505605056054
Improvement District No. 13 Elk Island,2020,Improvement District No. 13 Elk Island2020,0,0,0,0,0,0,0,0,0,0,0,1,,,,0.0,0.0,0.0,,,,,,,,,10.0,,,,,,,,,,,,,1.877138771387714
Improvement District No. 13 Elk Island,2021,Improvement District No. 13 Elk Island2021,0,0,0,0,0,0,0,0,0,0,0,0,,,,0.0,0.0,0.0,,,,,,,,,10.0,0.0,0.0,0.0,0.0,0.0,0.0,0.0,0.0,,,,,2.0062
Improvement District No. 13 Elk Island,2022,Improvement District No. 13 Elk Island2022,0,0,0,0,0,0,0,0,0,0,0,0,,,,,,,,,,,,,,,10.0,,,,,,,,,,,,,2.0211300000000003
Leduc County,2011,Leduc County2011,792,159,918,1010,790,721,798,835,963,1243,1300,727,81.88333333333333,41.0,341568.3,2896.8875,9333693.844,49048.267,17982.0,95746.0,58694.0,1943.0,72678.0,126034.0,60388.0,16274.0,6111.0,0.0,0.0,15.0,500.0,15.0,5.0,10.0,4420.0,,12165.0,,,1.8352516474835252
Leduc County,2012,Leduc County2012,821,179,932,1031,795,743,840,881,980,1225,1358,767,82.06,54.0,312033.0,2741.81995,8663020.0,46219.7109,,,,,,,,,6189.0,,,,,,,,,,13206.0,,,1.8020519794802052
Leduc County,2013,Leduc County2013,819,187,931,1021,784,747,860,908,977,1170,1347,801,82.10000000000001,36.0,338465.3,2825.0,8946995.0,48574.0,,,,,,,,,6277.0,,,,,,,,,,13969.0,,,1.7867878678786786
Leduc County,2014,Leduc County2014,814,163,888,973,789,685,886,910,925,1119,1268,785,82.04,47.0,358362.1,2829.97493,9115896.0,47938.39461,,,,,,,,,6358.0,,,,,,,,,,14829.0,,,1.7022
Leduc County,2015,Leduc County2015,831,172,896,947,806,646,908,920,924,1047,1246,774,82.08666666666666,17.0,339907.3,2955.50003,9990584.0,50719.59911,,,,,,,,,6480.0,,,,,,,,,,14786.0,,,1.6456835431645684
Leduc County,2016,Leduc County2016,796,182,886,902,764,685,871,912,913,981,1193,747,82.30666666666667,17.0,294637.7,2879.99993,9538959.0,48943.52149,16619.0,81322.0,59886.0,0.0,80756.0,109849.0,57879.0,0.0,6537.0,0.0,0.0,5.0,530.0,10.0,0.0,5.0,4550.0,,15086.0,,,1.4377900000000001
Leduc County,2017,Leduc County2017,804,176,940,931,749,690,898,927,974,964,1122,786,82.40666666666667,30.0,280821.4,75723.49848,9747112.944,46551.56787,,,,,,,,,6537.0,,,,,,,,,,15601.0,,,1.69285
Leduc County,2018,Leduc County2018,761,171,967,939,736,693,874,970,1013,995,1081,771,82.48666666666666,31.0,331041.4,85556.6275,8878851.41,56010.4112,,,,,,,,,6610.0,,,,,,,,,,19062.0,,,2.13559864401356
Leduc County,2019,Leduc County2019,720,150,943,888,731,652,808,1007,966,937,1054,697,82.59333333333333,27.0,356847.8,86382.04963,8854780.347,58017.0532,,,,,,,,,6180.0,,,,,,,,,,18336.0,,,2.0792092079079207
Leduc County,2020,Leduc County2020,683,154,973,896,734,637,759,1038,939,956,1029,680,82.55,9.0,296522.3,86744.2478,8658050.335,48358.70901,,,,,,,,,6207.0,,,,,,,,,,17888.0,,,2.10829891701083
Leduc County,2021,Leduc County2021,764,176,1039,929,682,693,852,1046,1031,1026,994,691,82.55,29.0,370813.8,85278.0297,7614271.927,44069.64269,17582.0,87923.0,57011.0,0.0,77032.0,94129.0,60800.0,0.0,6344.0,0.0,0.0,0.0,430.0,30.0,15.0,15.0,4845.0,,,,,2.200990000000001
Beaverlodge,2011,Beaverlodge2011,201,29,160,164,156,177,206,159,139,176,143,81,79.65333333333332,,,0.0,0.0,0.0,,,,,,,,,974.0,40.0,5.0,20.0,140.0,0.0,20.0,30.0,650.0,,4923.0,,,2.1578584214157863
Beaverlodge,2012,Beaverlodge2012,210,32,163,163,159,164,219,161,142,174,148,85,79.96666666666667,,,0.0,0.0,0.0,,,,,,,,,981.0,,,,,,,,,,5065.0,,,2.2208777912220876
Beaverlodge,2013,Beaverlodge2013,214,31,163,171,153,151,230,158,145,172,158,82,79.94333333333333,,,0.0,0.0,0.0,,,,,,,,,1138.0,,,,,,,,,,5281.0,,,2.2834871651283493
Beaverlodge,2014,Beaverlodge2014,222,26,160,172,146,164,224,159,154,163,160,89,80.12333333333333,,,0.0,0.0,0.0,,,,,,,,,1144.0,,,,,,,,,,5519.0,,,2.2917699999999996
Beaverlodge,2015,Beaverlodge2015,207,49,153,170,143,166,222,162,147,149,175,90,79.98,,,0.0,0.0,0.0,,,,,,,,,1136.0,,,,,,,,,,5552.0,,,2.02767
Beaverlodge,2016,Beaverlodge2016,185,49,149,159,135,168,186,184,147,128,186,93,79.75,,,0.0,0.0,0.0,,,,,,,,,1142.0,60.0,0.0,5.0,150.0,0.0,30.0,20.0,685.0,,5415.0,,,1.8439315606843931
Beaverlodge,2017,Beaverlodge2017,153,41,152,161,124,163,171,205,155,126,169,101,80.02333333333333,,,0.0,0.0,0.0,,,,,,,,,1147.0,,,,,,,,,,5461.0,,,2.077570775707757
Beaverlodge,2018,Beaverlodge2018,161,30,165,151,131,134,164,196,139,137,172,107,80.08666666666666,,,0.0,0.0,0.0,,,,,,,,,1152.0,,,,,,,,,,5675.0,,,2.2313423134231343
Beaverlodge,2019,Beaverlodge2019,161,27,166,158,135,116,168,171,131,142,150,115,80.27333333333333,,,0.0,0.0,0.0,,,,,,,,,1161.0,,,,,,,,,,5514.0,,,2.076739232607674
Beaverlodge,2020,Beaverlodge2020,136,35,187,140,130,117,152,164,145,148,126,111,80.2,,,0.0,0.0,0.0,,,,,,,,,1166.0,,,,,,,,,,5463.0,,,1.933129331293313
Beaverlodge,2021,Beaverlodge2021,131,39,158,130,134,150,165,153,156,120,128,91,79.61333333333333,,,0.0,0.0,0.0,,,,,,,,,1167.0,70.0,0.0,10.0,50.0,120.0,0.0,40.0,750.0,,,,,2.06923
Beaverlodge,2022,Beaverlodge2022,142,21,184,132,132,151,153,157,163,128,132,84,79.59333333333333,,,,,,,,,,,,,,1167.0,,,,,,,,,,,,,2.14188
Lamont County,2011,Lamont County2011,163,30,264,289,142,135,202,209,273,304,406,219,76.99666666666667,54.0,222339.7,0.0,0.0,0.0,14089.0,137199.0,58110.0,0.0,97422.0,65051.0,35703.0,0.0,1877.0,0.0,0.0,0.0,135.0,5.0,0.0,0.0,1445.0,,1113.0,,,2.4421000000000004
Lamont County,2012,Lamont County2012,168,31,251,292,148,138,213,202,268,288,401,220,77.08666666666666,46.0,156061.4,0.0,0.0,0.0,,,,,,,,,1887.0,,,,,,,,,,590.0,,,2.11309
Lamont County,2013,Lamont County2013,179,32,250,296,160,144,228,202,270,283,406,231,77.31333333333333,42.0,126106.8,0.0,0.0,0.0,,,,,,,,,2057.0,,,,,,,,,,1174.0,,,2.3064169358306423
Lamont County,2014,Lamont County2014,172,38,220,294,163,145,230,195,267,275,352,252,77.47333333333334,11.0,112490.0,0.0,0.0,0.0,,,,,,,,,1894.0,,,,,,,,,,1171.0,,,2.2232877671223283
Lamont County,2015,Lamont County2015,184,35,218,294,182,147,236,232,243,292,347,261,77.71666666666665,3.0,98245.8,0.0,0.0,0.0,,,,,,,,,1925.0,,,,,,,,,,636.0,,,2.3983499999999998
Lamont County,2016,Lamont County2016,183,39,196,253,197,138,210,250,208,285,303,247,77.80333333333333,7.0,69500.3,0.0,0.0,0.0,12260.0,133493.0,54113.0,0.0,115166.0,78023.0,43104.0,0.0,1875.0,0.0,0.0,0.0,145.0,0.0,0.0,5.0,1440.0,,603.0,,,2.083259167408326
Lamont County,2017,Lamont County2017,200,29,199,242,175,151,192,266,204,287,295,214,78.08666666666666,11.0,66258.1,12.205,19186.3006,477.6344,,,,,,,,,1869.0,,,,,,,,,,607.0,,,2.17021
Lamont County,2018,Lamont County2018,188,69,201,222,169,159,156,270,211,255,290,198,78.28,24.0,30210.0,15.3675,24079.7888,609.7378,,,,,,,,,1872.0,,,,,,,,,,608.0,,,2.46103
Lamont County,2019,Lamont County2019,182,33,224,195,171,157,164,261,217,241,279,192,78.45333333333333,52.0,25811.7,21.25,18706.39,178.8,,,,,,,,,1872.0,,,,,,,,,,578.0,,,2.016989830101699
Lamont County,2020,Lamont County2020,185,53,217,196,170,150,157,257,239,215,280,204,78.68333333333334,49.0,23783.4,23.0,5229.48,53.64,,,,,,,,,1883.0,,,,,,,,,,605.0,,,2.145148548514515
Lamont County,2021,Lamont County2021,222,50,227,198,129,167,190,255,248,206,255,193,78.41333333333334,105.0,21949.1,1491.18295,19753.93557,100.92157,20453.0,122585.0,50400.0,0.0,93763.0,52688.0,28541.0,0.0,1888.0,0.0,0.0,0.0,130.0,0.0,0.0,0.0,1400.0,,,,,2.18325
Lamont County,2022,Lamont County2022,220,47,225,201,140,154,186,247,266,208,236,175,78.35333333333334,179.0,28942.8,,,,,,,,,,,,1886.0,,,,,,,,,,,,,2.2362100000000003
Yellowhead County,2011,Yellowhead County2011,663,130,701,730,481,571,621,628,687,938,1053,602,79.12,600.0,19840067.0,270855.8652,1190964.073,35252.78046,18736.0,16598.0,15790.0,0.0,8769.0,95569.0,56111.0,65.0,,45.0,0.0,35.0,705.0,5.0,5.0,10.0,3270.0,52.0,8128.0,,,2.3333933339333393
Yellowhead County,2012,Yellowhead County2012,699,154,716,746,528,605,673,682,689,930,1076,629,79.28333333333335,436.0,20283349.3,266808.3975,1239671.587,49752.90618,,,,,,,,,,,,,,,,,,72.0,8960.0,43940.8,4.0,2.1763800000000004
Yellowhead County,2013,Yellowhead County2013,682,146,699,712,552,585,692,704,670,893,1046,643,79.27666666666666,639.0,21087969.9,268303.6873,1158462.596,45506.27625,,,,,,,,,,,,,,,,,,70.0,9399.0,,,2.14528
Yellowhead County,2014,Yellowhead County2014,687,153,687,683,578,577,703,727,660,837,1009,634,79.24333333333333,711.0,23807596.8,246998.8762,1228495.303,50688.53708,,,,,,,,,,,,,,,,,,88.0,9882.0,244.2,1.0,2.18073
Yellowhead County,2015,Yellowhead County2015,664,141,697,675,557,579,700,738,666,773,998,625,79.11333333333334,406.0,24323632.4,276148.1633,1229493.519,32290.36693,,,,,,,,,,,,,,,,,,54.0,9994.0,6918.65,5.0,2.0995800000000004
Yellowhead County,2015,Yellowhead County2015,664,141,697,675,557,579,700,738,666,773,998,625,79.11333333333334,406.0,24323632.4,276148.1633,1229493.519,32290.36693,,,,,,,,,,,,,,,,,,54.0,9994.0,87618.0,0.0,2.0995800000000004
Yellowhead County,2016,Yellowhead County2016,631,143,708,678,517,541,727,715,683,738,976,600,79.16000000000001,260.0,24758298.5,276188.3171,1234892.684,32566.34592,0.0,0.0,0.0,0.0,0.0,84238.0,0.0,558.0,,100.0,0.0,5.0,815.0,15.0,5.0,15.0,3355.0,64.0,9840.0,,,1.8806488064880649
Yellowhead County,2017,Yellowhead County2017,652,123,770,639,486,515,733,724,690,704,936,595,79.32666666666667,437.0,25767127.1,573601.5866,2207594.699,63092.04237,,,,,,,,,,,,,,,,,,32.0,10040.0,51.900000000000006,7.0,2.080229197708023
Yellowhead County,2017,Yellowhead County2017,652,123,770,639,486,515,733,724,690,704,936,595,79.32666666666667,437.0,25767127.1,573601.5866,2207594.699,63092.04237,,,,,,,,,,,,,,,,,,32.0,10040.0,0.0,0.0,2.080229197708023
Yellowhead County,2018,Yellowhead County2018,618,127,763,671,482,509,667,761,722,674,864,611,79.63,289.0,25556037.5,429900.1036,2254846.404,57965.07187,,,,,,,,,,,,,,,,,,38.0,10262.0,0.0,0.0,2.3344
Yellowhead County,2019,Yellowhead County2019,594,130,800,662,512,503,631,755,748,654,820,617,79.89,197.0,24212801.8,486614.5292,2328656.822,54643.95157,,,,,,,,,,,,,,,,,,49.0,10114.0,0.0,0.0,2.036229637703623
Yellowhead County,2020,Yellowhead County2020,575,132,779,668,533,449,602,744,758,650,770,600,79.77,166.0,23023883.2,607679.568,2135811.533,49400.13616,,,,,,,,,,,,,,,,,,43.0,10278.0,0.0,0.0,2.0108298917010834
Yellowhead County,2021,Yellowhead County2021,535,140,764,612,424,461,592,714,705,652,731,505,79.33,235.0,23373980.2,474545.2216,2046541.009,64736.7002,15741.0,10810.0,26945.0,0.0,0.0,80023.0,60209.0,0.0,,45.0,0.0,0.0,780.0,100.0,0.0,25.0,3290.0,39.0,,0.0,0.0,2.119162383247665
Yellowhead County,2022,Yellowhead County2022,492,131,754,704,413,422,598,703,715,690,698,504,79.14999999999999,247.0,23205534.1,,,,,,,,,,,,,,,,,,,,,59.0,,0.0,0.0,2.1051389486105143
